VideoId,Reviewed_by,Notes,Rating,in_playlist,Country_Code,Country_Name,Video_Offer,Video_Clicks
www.youtube.com/watch?v=MfYrrNmqeuo,Sohaib,,3,,CA,Canada,Tera,5
www.youtube.com/watch?v=gKq-g7Ghy4k,Sohaib,,3,,RS,Serbia,Star Wars: The Old Republic (SWTOR),1
www.youtube.com/watch?v=S-hGgoc2aas,Sohaib,,3,,US,United States,Warframe,1
www.youtube.com/watch?v=PjwUe06GRhk,Tyler,,3,,UK,United Kingdom,Guild Wars 2,9
www.youtube.com/watch?v=Qjja5fDdQY4,Sohaib,,3,,US,United States,Minecraft,4
www.youtube.com/watch?v=ou3sXEgnp8s,Tyler,,3,,US,United States,Ghost Recon,1
www.youtube.com/watch?v=9AMTZV4YPgI,Tyler,,3,,US,United States,Ghost Recon,1
www.youtube.com/watch?v=ca6p5-VV6PQ,Tyler,,3,,US,United States,Ghost Recon,1
www.youtube.com/watch?v=1tBLN81XrUA,Sohaib,,3,,US,United States,League of Legends,1
www.youtube.com/watch?v=N1y2g3aa0BI,Sohaib,,3,,US,United States,Maple Story,1
www.youtube.com/watch?v=15cE5iZH_ho,Sohaib,,3,,US,United States,Battlefield Heroes,1
www.youtube.com/watch?v=B368ZlT-3AI,Tyler,,3,,UK,United Kingdom,League of Legends,4
www.youtube.com/watch?v=azCs-RAaFv0,Tyler,,3,,HK,Hong Kong,Warframe,1
www.youtube.com/watch?v=uO262NOIPNU,Tyler,,3,,CA,Canada,Tera,102
www.youtube.com/watch?v=1NINmIuQLMQ,Tyler,,3,,CA,Canada,Scarlet Blade,127
www.youtube.com/watch?v=enimU2WWXJY,Tyler,,3,,CA,Canada,Tera,34
www.youtube.com/watch?v=NT71pOHzIGM,Tyler,,3,,CA,Canada,Tera,2
www.youtube.com/watch?v=-iW4aLoA6Io,Tyler,,3,,CA,Canada,Tera,14
www.youtube.com/watch?v=pXm2q7VjQqs,Tyler,,3,,CA,Canada,Star Wars: The Old Republic (SWTOR),12
www.youtube.com/watch?v=uq09ywyY_Ng,Tyler,,3,,CA,Canada,Tera,12
www.youtube.com/watch?v=vd4DxUxXG64,Tyler,,3,,CA,Canada,Tera,5
www.youtube.com/watch?v=59nyTGjmfkY,Tyler,,3,,CA,Canada,Tera,1
www.youtube.com/watch?v=jsrlQLvLuAI,Tyler,,3,,CA,Canada,Elsword,8
www.youtube.com/watch?v=O3GlWFcqY1g,Tyler,,3,,CA,Canada,Elsword,25
www.youtube.com/watch?v=ciHfyw_thFg,Tyler,,3,,CA,Canada,Tera,2
www.youtube.com/watch?v=hERCOQaTzvA,Tyler,,3,,CA,Canada,Forge of Empires,23
www.youtube.com/watch?v=lO1QTmtGE08,Tyler,,3,,CA,Canada,Age of Wushu,6
www.youtube.com/watch?v=LR3rq93Le2Q,Tyler,,3,,CA,Canada,World of Warcraft,1
www.youtube.com/watch?v=WCT1zxF-GYw,Tyler,,3,,CA,Canada,RaiderZ,1
www.youtube.com/watch?v=i0MK1U7NrjM,Tyler,,3,,CA,Canada,Tera,1
www.youtube.com/watch?v=d-uSsoihOvI,Tyler,,3,,CA,Canada,Edgeworld,18
www.youtube.com/watch?v=0EBy15GPEOw,Tyler,,3,,CA,Canada,RaiderZ,1
www.youtube.com/watch?v=hJFmmZNa7Vg,Tyler,,3,,CA,Canada,Tera,6
www.youtube.com/watch?v=3fBd8U6P2QM,Tyler,,3,,CA,Canada,Allods Online,20
www.youtube.com/watch?v=VB7Fpy1Msuw,Tyler,,3,,CA,Canada,Ghost Recon,2
www.youtube.com/watch?v=dSkYLljHMM8,Tyler,,3,,CA,Canada,EverQuest,2
www.youtube.com/watch?v=FInvOoKMt9o,Tyler,,3,,CA,Canada,Command & Conquer: Tiberium Alliances,3
www.youtube.com/watch?v=7-VbZvXG8y4,Tyler,,3,,CA,Canada,World of Warcraft,1
www.youtube.com/watch?v=fvHj6xK0qGg,Tyler,,3,,CA,Canada,Ghost Recon,1
www.youtube.com/watch?v=btWH3EDbOXQ,Tyler,,3,,CA,Canada,Allods Online,6
www.youtube.com/watch?v=qwvEABMcFDY,Tyler,,3,,CA,Canada,Ghost Recon,1
www.youtube.com/watch?v=wJFtTF1tBv4,Tyler,,3,,CA,Canada,Elsword,1
www.youtube.com/watch?v=C_QoQtq9sRQ,Sohaib,,3,,,,EverQuest,1
www.youtube.com/watch?v=ef1Fj0AH94g,Sohaib,,3,,,,Neverwinter,11
www.youtube.com/watch?v=qwNKq1R_aCY,Sohaib,,3,,BE,Belgium,League of Legends,1
www.youtube.com/watch?v=pW9GtsIMt0A,Tyler,,3,,GR,Greece,Neverwinter,5
www.youtube.com/watch?v=LToApic8LSw,Tyler,,3,,RO,Romania,Elsword,6
www.youtube.com/watch?v=1dGcIkpVRKo,Tyler,,3,,NL,Netherlands,Planetside 2,2
www.youtube.com/watch?v=SJIFJbP62M0,Tyler,,3,,NL,Netherlands,PlanetSide 2,3
www.youtube.com/watch?v=Gugt5p4jpSc,sheldon,,3,1,NL,Netherlands,Maple Story,12
www.youtube.com/watch?v=ivSjemlSnhM,sheldon,,3,1,NL,Netherlands,Maple Story,28
www.youtube.com/watch?v=bOeAfeRXe3g,sheldon,,3,1,US,United States,Age of Wushu,12
www.youtube.com/watch?v=XJyCxeN82jg,Sohaib,,3,,US,United States,Call of Duty,8
www.youtube.com/watch?v=W7dqkQ8zvl0,Sohaib,,3,,US,United States,Call of Duty,12
www.youtube.com/watch?v=GRMNki25O6Y,Sohaib,,3,,US,United States,Tera,4
www.youtube.com/watch?v=gis4AJptmMg,Sohaib,,3,,US,United States,PlanetSide 2,1
www.youtube.com/watch?v=Gyr9o27xxzo,sheldon,,3,,UK,United Kingdom,Defiance,26
www.youtube.com/watch?v=pZj6nLPyxAs,Tyler,,3,,UK,United Kingdom,Star Trek Online,2
www.youtube.com/watch?v=gim6vvRnJow,Tyler,,3,,UK,United Kingdom,Defiance,1
www.youtube.com/watch?v=Qznidsm4nzA,Tyler,,3,,US,United States,The Walking Dead: Survival Instinct,14
www.youtube.com/watch?v=WPdkjv1Q-64,Tyler,,3,,US,United States,The Walking Dead: Survival Instinct,13
www.youtube.com/watch?v=p2_R2jrPA_8,Tyler,,3,,US,United States,The Walking Dead: Survival Instinct,9
www.youtube.com/watch?v=lnFtmLFfMJo,Tyler,,3,,US,United States,The Walking Dead: Survival Instinct,2
www.youtube.com/watch?v=ht_f5nCiaao,Tyler,,3,,US,United States,The Walking Dead: Survival Instinct,3
www.youtube.com/watch?v=tEuDEnAY6d4,Tyler,,3,,US,United States,The Walking Dead: Survival Instinct,10
www.youtube.com/watch?v=3x0d1G6g5rI,Tyler,,3,,US,United States,The Walking Dead: Survival Instinct,1
www.youtube.com/watch?v=0IWh8svS4x0,Tyler,,3,,US,United States,War Thunder,2
www.youtube.com/watch?v=ajGEUdBcbOc,Tyler,,3,,US,United States,War Thunder,3
www.youtube.com/watch?v=v5rqXo2moDA,Tyler,,3,,US,United States,League of Legends,1
www.youtube.com/watch?v=9L2ptPAy034,Tyler,,3,,US,United States,Simcity,1
www.youtube.com/watch?v=CXCWLCd-6tk,Tyler,,3,,US,United States,League of Legends,1
www.youtube.com/watch?v=koLF9gh7GSA,Tyler,,3,,,,The Walking Dead: Survival Instinct,1
www.youtube.com/watch?v=T6ka6uD0SJA,Jordan H,,3,,UK,United Kingdom,PlanetSide 2,2
www.youtube.com/watch?v=aEHuT6J6kG8,Jordan H,,3,,UK,United Kingdom,PlanetSide 2,2
www.youtube.com/watch?v=k7-WGvFVo0s,Sohaib,,3,,US,United States,Scarlet Blade,10
www.youtube.com/watch?v=K2_2H1ASKAo,Sohaib,,3,,US,United States,Age of Wushu,16
www.youtube.com/watch?v=Yje5qezPzHk,Tyler,,3,,DE,Germany,Forsaken World,1
www.youtube.com/watch?v=qMn2hjpSyQA,Tyler,,3,,DE,Germany,Forsaken World,1
www.youtube.com/watch?v=UUSVc5Z_RIM,Tyler,,3,,US,United States,Warframe,1
www.youtube.com/watch?v=3YoZW4lJ6ds,Tyler,,3,,US,United States,Warframe,1
www.youtube.com/watch?v=nXTcwxo73Vg,Jordan H,,3,,US,United States,Call of Duty,2
www.youtube.com/watch?v=gxfNEnswtng,sheldon,,3,1,BG,Bulgaria,Scarlet Blade,105
www.youtube.com/watch?v=RE-MTS25QsY,Sohaib,,3,,,,Warframe,1
www.youtube.com/watch?v=zCXblZQSTdQ,Sohaib,,3,,,,Warframe,3
www.youtube.com/watch?v=p4oZqkAtCco,Sohaib,,3,,,,Warframe,1
www.youtube.com/watch?v=aVfu_2_EnGI,Tyler,,3,,IE,Ireland,Warframe,6
www.youtube.com/watch?v=T76dqDBX0K0,sheldon,,3,,CA,Canada,Maple Story,21
www.youtube.com/watch?v=tr6e9LwyRtw,Tyler,,3,,UK,United Kingdom,Divine Souls,4
www.youtube.com/watch?v=7yZUtPuDJ-o,Sohaib,,3,,UK,United Kingdom,World of Tanks,2
www.youtube.com/watch?v=565a_z7xoPE,Sohaib,,3,,UK,United Kingdom,PlanetSide 2,2
www.youtube.com/watch?v=tRuy-UstLew,Sohaib,,3,,,,PlanetSide 2,1
www.youtube.com/watch?v=9zdG-FzA5-A,Sheldon,,3,1,BE,Belgium,League of Legends,233
www.youtube.com/watch?v=Da5BhcmJ4fM,Callum,,3,1,BE,Belgium,League of Legends,62
www.youtube.com/watch?v=mN1tcCp7T3Y,sheldon,,3,1,BE,Belgium,League of Legends,13
www.youtube.com/watch?v=_GVBSy8vvas,Tyler,,3,,BE,Belgium,League of Legends,4
www.youtube.com/watch?v=-CfTsH1gGgo,Tyler,,3,,BE,Belgium,League of Legends,34
www.youtube.com/watch?v=GGpGtLQ-eME,Tyler,,3,,RO,Romania,Chronoblade,76
www.youtube.com/watch?v=J98VA8AiihM,Sohaib,,3,,US,United States,Age of Wushu,1
www.youtube.com/watch?v=jRCQxGIQ_fo,Sohaib,,3,,US,United States,Age of Wushu,2
www.youtube.com/watch?v=9W9RZ5ziFQE,Tyler,,3,,US,United States,League of Legends,1
www.youtube.com/watch?v=VwjEpsOQCbo,sheldon,,3,,MD,Moldova - Republic of,World of Warcraft,48
www.youtube.com/watch?v=CswZgJuygLc,sheldon,,3,1,UK,United Kingdom,Star Wars: The Old Republic (SWTOR),18
www.youtube.com/watch?v=omA_SdiFhXs,Tyler,,3,,UK,United Kingdom,The Hobbit,82
www.youtube.com/watch?v=BADtBoiN0SE,Tyler,,3,,US,United States,League of Legends,1
www.youtube.com/watch?v=qf7eCfRah2o,Tyler,,3,,US,United States,League of Legends,2
www.youtube.com/watch?v=opzf3zthBD8,Tyler,,3,,US,United States,Defiance,2
www.youtube.com/watch?v=rthnu1-iCXM,Tyler,,3,,UK,United Kingdom,League of Legends,2
www.youtube.com/watch?v=bE8nrrUfPCI,Tyler,,3,,DE,Germany,World of Tanks,4
www.youtube.com/watch?v=qks4JGCZXhI,sheldon,,3,1,US,United States,Star Wars: The Old Republic (SWTOR),42
www.youtube.com/watch?v=SOqfe7RBv1k,sheldon,,3,1,US,United States,Lord of the Rings Online (LOTRO),88
www.youtube.com/watch?v=LJJ9Gadn7yk,sheldon,,3,1,US,United States,Lord of the Rings Online (LOTRO),25
www.youtube.com/watch?v=9QxhV27sEV0,Sohaib,,3,,US,United States,Star Wars: The Old Republic (SWTOR),6
www.youtube.com/watch?v=QbvMKQnMF2U,Sohaib,,3,,US,United States,Lord of the Rings Online (LOTRO),7
www.youtube.com/watch?v=6RhfkcSfu4Q,Sheldon,,3,1,US,United States,League of Legends,12
www.youtube.com/watch?v=XQhvCwwRk8M,Sheldon,,3,1,US,United States,League of Legends,22
www.youtube.com/watch?v=iNgAw6FCneU,Sheldon,,3,1,US,United States,League of Legends,11
www.youtube.com/watch?v=_V27xGRRUdM,Sheldon,,3,,US,United States,League of Legends,134
www.youtube.com/watch?v=_eibAHjgSK0,Sheldon,,3,1,US,United States,League of Legends,25
www.youtube.com/watch?v=-FW-9uLbu0o,Sheldon,,3,1,US,United States,League of Legends,14
www.youtube.com/watch?v=sBNiAS16wh4,Callum,,3,1,US,United States,League of Legends,155
www.youtube.com/watch?v=XRB0Vxp1MPk,Callum,,3,1,US,United States,League of Legends,10
www.youtube.com/watch?v=DaIHO22Bt9M,Callum,,3,1,US,United States,League of Legends,18
www.youtube.com/watch?v=_K6PKC4mBsk,Sohaib,,3,,US,United States,League of Legends,22
www.youtube.com/watch?v=vc190B4nJ4E,Sohaib,,3,,US,United States,League of Legends,31
www.youtube.com/watch?v=LIMS528c7hQ,sheldon,,3,1,US,United States,League of Legends,1830
www.youtube.com/watch?v=LCvMZjn4sbo,Tyler,,3,,NO,Norway,Minecraft,2
www.youtube.com/watch?v=SPJSrpDc9As,Tyler,,3,,,,Minecraft,1
www.youtube.com/watch?v=RTLDZlyyd6M,Tyler,,3,,UK,United Kingdom,Dragon's Prophet Europe,1
www.youtube.com/watch?v=dap9qkP9ysA,Tyler,,3,,UK,United Kingdom,Dragon's Prophet,1
www.youtube.com/watch?v=Duyp_RKIZy8,Tyler,,3,,DK,Denmark,World of Tanks,5
www.youtube.com/watch?v=X1QCp8zsIEI,Tyler,,3,,US,United States,Tera,4
www.youtube.com/watch?v=5J0sEvZHO0o,Sohaib,,3,,US,United States,Planetside 2,2
www.youtube.com/watch?v=0P9O2WBVgys,Sohaib,,3,,US,United States,PlanetSide 2,1
www.youtube.com/watch?v=TqjNhHzAJCk,Tyler,,3,,US,United States,Warframe,1
www.youtube.com/watch?v=dzpm0E1N-Ys,Tyler,,3,,UK,United Kingdom,Warframe,2
www.youtube.com/watch?v=H_1eXK8KbhA,Tyler,,3,,DE,Germany,Warframe,2
www.youtube.com/watch?v=4UOZGynGChQ,Tyler,,3,,DE,Germany,Battlefield 3,1
www.youtube.com/watch?v=YKJw0ILPD1k,Tyler,,3,,DE,Germany,Warframe,1
www.youtube.com/watch?v=PAFyKsEpAnw,Tyler,,3,,DE,Germany,Warframe,1
www.youtube.com/watch?v=heC90AkjZRI,Tyler,,3,,DE,Germany,Warframe,1
www.youtube.com/watch?v=Q9xi_z-pV84,Tyler,,3,,DE,Germany,Warframe,1
www.youtube.com/watch?v=UPuCDh1ToaM,Tyler,,3,,DE,Germany,Warframe,1
www.youtube.com/watch?v=WOTt8Lb4ltg,Tyler,,3,,DE,Germany,Warframe,4
www.youtube.com/watch?v=qSUVxdmCBxQ,Tyler,,3,,DE,Germany,Warframe,1
www.youtube.com/watch?v=1gQTK73vT8I,Tyler,,3,,FR,France,Star Wars: The Old Republic (SWTOR),10
www.youtube.com/watch?v=FrHqmWPmNrM,Tyler,,3,,FR,France,PlanetSide 2,4
www.youtube.com/watch?v=NDPLankZcmA,Tyler,,3,,FR,France,Warframe,4
www.youtube.com/watch?v=ujQK068swts,Tyler,,3,,UK,United Kingdom,Rift,5
www.youtube.com/watch?v=P9_gruJp2Eo,Sohaib,,3,,US,United States,Diablo 3,4
www.youtube.com/watch?v=rBKZzuMX3Q0,Tyler,,3,,US,United States,Warframe,1
www.youtube.com/watch?v=AxIqYiC5Q0A,Sohaib,,3,,US,United States,War Thunder,4
www.youtube.com/watch?v=5_Sp1nPUQdo,Sohaib,,3,,US,United States,War Thunder,1
www.youtube.com/watch?v=QVUru3-J-r8,Sohaib,,3,,,,War Thunder,2
www.youtube.com/watch?v=fimyBbhflQA,Sohaib,,3,,US,United States,World of Tanks,4
www.youtube.com/watch?v=q7OOKGMhQ5M,Tyler,,3,,UK,United Kingdom,Call of Duty,2
www.youtube.com/watch?v=Tda_yRiB-ws,Tyler,,3,,UK,United Kingdom,Battlefield 3,3
www.youtube.com/watch?v=m5TDMf8EuHI,Tyler,,3,,CA,Canada,Warframe,1
www.youtube.com/watch?v=64AWMC2yP-Q,Tyler,,3,,RU,Russian Federation,Runes of Magic,27
www.youtube.com/watch?v=xasqGMlrhGI,Tyler,,3,,RU,Russian Federation,Dota 2,1
www.youtube.com/watch?v=6wMEFvqmuE0,Tyler,,3,,RO,Romania,Elsword,1
www.youtube.com/watch?v=yiiYXNP2iD0,Tyler,,3,,UK,United Kingdom,Warframe,10
www.youtube.com/watch?v=_33ZAuiYVkg,Tyler,,3,,UK,United Kingdom,Warframe,1
www.youtube.com/watch?v=V3KfVplAHXM,Tyler,,3,,,,Warframe,1
www.youtube.com/watch?v=zDJz6syn1y4,Tyler,,3,,UK,United Kingdom,Minecraft,2
www.youtube.com/watch?v=1NICbjrYjnA,Tyler,,3,,UK,United Kingdom,Minecraft,1
www.youtube.com/watch?v=pki21F7l5BY,Tyler,,3,,KZ,Kazakhstan,War Thunder,6
www.youtube.com/watch?v=ImsysAwxJEc,sheldon,,3,1,ES,Spain,PlanetSide 2,67
www.youtube.com/watch?v=uGm0PqWVsgM,Tyler,,3,,UK,United Kingdom,World of Tanks,4
www.youtube.com/watch?v=mK9dSf7VRGM,sheldon,,3,1,UK,United Kingdom,World of Tanks,9
www.youtube.com/watch?v=FNNP61P_VDQ,Sheldon,,3,1,CA,Canada,Scarlet Blade,1897
www.youtube.com/watch?v=V-6yURKjFoM,sheldon,,3,1,CA,Canada,Scarlet Blade,121
www.youtube.com/watch?v=6OyePlocR1c,Jordan H,,3,,US,United States,World of Tanks,4
www.youtube.com/watch?v=cCa38g3QEnU,Sohaib,,3,,,,PlanetSide 2,1
www.youtube.com/watch?v=tR3WawtWAPc,sheldon,,3,1,FR,France,Tera,27
www.youtube.com/watch?v=BV76KIXAp64,Tyler,,3,,FR,France,Tera,3
www.youtube.com/watch?v=_8wPidSKVZg,Tyler,,3,,FR,France,Tera,3
www.youtube.com/watch?v=8BaqAI8CbT8,Tyler,,3,,FR,France,Tera,7
www.youtube.com/watch?v=SUD7L1A-Pg4,Tyler,,3,,FR,France,Path of Exile,10
www.youtube.com/watch?v=-YfbrsLtMrg,Tyler,,3,,FR,France,Path of Exile,1
www.youtube.com/watch?v=eUgAD-b4zqg,Tyler,,3,,FR,France,Path of Exile,1
www.youtube.com/watch?v=jafB2YfkS4Y,Tyler,,3,,FR,France,PlanetSide 2,3
www.youtube.com/watch?v=SXqyx1gT1DY,Tyler,,3,,FR,France,War Thunder,4
www.youtube.com/watch?v=h9-mCCBnXKE,Tyler,,3,,FR,France,Path of Exile,3
www.youtube.com/watch?v=Wb7gIq8JE00,Tyler,,3,,FR,France,Path of Exile,1
www.youtube.com/watch?v=OcGh8EquLWM,Tyler,,3,,FR,France,Hawken,5
www.youtube.com/watch?v=n4-NUq3L6_Y,Tyler,,3,,FR,France,Dota 2,1
www.youtube.com/watch?v=EqOeS_x-7bc,Tyler,,3,,FR,France,Path of Exile,2
www.youtube.com/watch?v=XeHEeip1AgM,Tyler,,3,,FR,France,PlanetSide 2,2
www.youtube.com/watch?v=TcJA-uevpNo,Tyler,,3,,FR,France,PlanetSide 2,2
www.youtube.com/watch?v=pV5RuSvr-RI,Tyler,,3,,FR,France,PlanetSide 2,2
www.youtube.com/watch?v=I35kGQZTpBg,Tyler,,3,,FR,France,PlanetSide 2,1
www.youtube.com/watch?v=E9vvwtyb3z0,Tyler,,3,,FR,France,Dota 2,1
www.youtube.com/watch?v=81q5_T5R8UA,Tyler,,3,,FR,France,Dota 2,5
www.youtube.com/watch?v=sq-XpzVWD1o,Tyler,,3,,,,Path of Exile,1
www.youtube.com/watch?v=LMYSVpbWt6s,Tyler,,3,,,,Blacklight: Retribution,3
www.youtube.com/watch?v=z1JvID-rA60,Tyler,,3,,SA,Saudi Arabia,RaiderZ,2
www.youtube.com/watch?v=fSG9nSUh5Ck,Sohaib,,3,,,,League of Legends,4
www.youtube.com/watch?v=RXyPJB-9mhk,sheldon,,3,1,US,United States,Tera,18
www.youtube.com/watch?v=xjz1Fb8IbGI,Jordan H,,3,,US,United States,Elsword,12
www.youtube.com/watch?v=FBQ-9Dvqhec,Jordan H,,3,,US,United States,Defiance,23
www.youtube.com/watch?v=7B9eh5IUUxQ,Jordan H,,3,,US,United States,Neverwinter,10
www.youtube.com/watch?v=4i98IgJ4ioQ,Jordan H,,3,,US,United States,Defiance,2
www.youtube.com/watch?v=B4oqdgYCRks,Sohaib,,4,,CA,Canada,PlanetSide 2,1
www.youtube.com/watch?v=0ju9KQebBT8,Sohaib,Guide,4,,NZ,New Zealand,League of Legends,5
www.youtube.com/watch?v=pK8LTpcJlg0,Sohaib,Glitch montage,4,,US,United States,League of Legends,4
www.youtube.com/watch?v=ZDhM3HuoszA,Sohaib,Glitch montage,4,,US,United States,League of Legends,5
www.youtube.com/watch?v=6dgs1es3wKU,Sohaib,Glitch montage,4,,US,United States,League of Legends,3
www.youtube.com/watch?v=IQ2k4OXFDtQ,Sohaib,,4,,US,United States,League of Legends,4
www.youtube.com/watch?v=XlyC8ZvopAw,Jesse,,4,1,US,United States,Battlefield 3,4
www.youtube.com/watch?v=lFqThvHjyQU,Daan,,4,,SG,Singapore,Aion,9
www.youtube.com/watch?v=-o-00NFCK_M,Daan,,4,,SG,Singapore,The Secret World,8
www.youtube.com/watch?v=iK2a0BNE_Pw,Sohaib,,4,,UK,United Kingdom,Ghost Recon,132
www.youtube.com/watch?v=V5HwACtjO0I,Sohaib,,4,,UK,United Kingdom,League of Legends,2
www.youtube.com/watch?v=9pwWLtCdBUI,Sohaib,,4,,UK,United Kingdom,Panzar,38
www.youtube.com/watch?v=aVxQ6i26SoE,Eric,,4,,UK,United Kingdom,Habbo,33
www.youtube.com/watch?v=F2t1I5YOyug,Sohaib,,4,,,,Tera,91
www.youtube.com/watch?v=u1_NJ3fJiNQ,Sohaib,,4,,DE,Germany,World of Tanks,9
www.youtube.com/watch?v=sMmQFMVc7Bg,Sohaib,,4,,,,Runes of Magic,1
www.youtube.com/watch?v=_3e3o86GkoA,Daan,,4,,AU,Australia,Star Wars: The Old Republic (SWTOR),8
www.youtube.com/watch?v=_b7LesO6DLo,Daan,,4,,AU,Australia,Star Wars: The Old Republic (SWTOR),1
www.youtube.com/watch?v=1-RPPNujdxg,Daan,,4,,AU,Australia,Star Wars: The Old Republic (SWTOR),1
www.youtube.com/watch?v=ZA7YuWuIF-k,daan,,4,,AU,Australia,Star Wars: The Old Republic (SWTOR),1
www.youtube.com/watch?v=kWQMS3spunk,Preston,,4,,CA,Canada,Minecraft,1
www.youtube.com/watch?v=DwZjS__ouyA,Preston,,4,,CA,Canada,Team Fortress 2,1
www.youtube.com/watch?v=-3c_UVpHT58,Preston,,4,,CA,Canada,Battlefield 3,8
www.youtube.com/watch?v=gb6NI0AQ7k0,Sohaib,,4,,,,League of Legends,1
www.youtube.com/watch?v=CPqbMfqfKhM,Sohaib,,4,,,,League of Legends,4
www.youtube.com/watch?v=00bnUIJS-iQ,Sohaib,,4,,,,League of Legends,9
www.youtube.com/watch?v=TZxrvXzkit8,Sohaib,,4,,CZ,Czech Republic,Planetside 2,2
www.youtube.com/watch?v=DYY9reZm0Vw,Sohaib,,4,,CZ,Czech Republic,PlanetSide 2,4
www.youtube.com/watch?v=EySmLoUi1dY,Sohaib,,4,,UK,United Kingdom,Warframe,12
www.youtube.com/watch?v=OjNmWsDjvU0,Sohaib,,4,,US,United States,War Thunder,2
www.youtube.com/watch?v=eiCRS11cJ-k,Sohaib,,4,,US,United States,War Thunder,3
www.youtube.com/watch?v=h1lQGVuPk8s,Danny,,4,,US,United States,Aion,80
www.youtube.com/watch?v=3RG0afXj1Qc,Tyler,,4,,NL,Netherlands,PlanetSide 2,1
www.youtube.com/watch?v=CLrDqo-SRzQ,Tyler,,4,,NL,Netherlands,Panzar,15
www.youtube.com/watch?v=UJfAI0nU7Q0,Tyler,,4,,NL,Netherlands,Divine Souls,7
www.youtube.com/watch?v=c5l2L8S6AYU,Tyler,,4,,NL,Netherlands,Edgeworld,2
www.youtube.com/watch?v=XWNVX6Bng-E,Tyler,,4,,NL,Netherlands,Panzar,4
www.youtube.com/watch?v=qXMRyJThltw,Tyler,,4,,NL,Netherlands,Ghost Recon,85
www.youtube.com/watch?v=GSyQSrJXk3U,Tyler,,4,,NL,Netherlands,Age of Wushu,31
www.youtube.com/watch?v=MrayYy_6fU0,Tyler,,4,,NL,Netherlands,Wartune,58
www.youtube.com/watch?v=bsM-GnVGLR4,Tyler,,4,,NL,Netherlands,Ghost Recon,23
www.youtube.com/watch?v=SemOE_iyOhs,Tyler,,4,,NL,Netherlands,Elsword,9
www.youtube.com/watch?v=jUogIwm2Pd8,Sohaib,,4,,,,World of Tanks,135
www.youtube.com/watch?v=1jTCiggngUM,Sohaib,,4,,,,World of Tanks,68
www.youtube.com/watch?v=-Xc2ZNLhvT0,Sohaib,,4,,US,United States,League of Legends,4
www.youtube.com/watch?v=ZcMgt5QHFSw,Sohaib,,4,,US,United States,League of Legends,1
www.youtube.com/watch?v=AagxxeD2itQ,Sohaib,,4,,NZ,New Zealand,Warframe,1
www.youtube.com/watch?v=Hzkav2zm_HY,Sohaib,,4,,,,Warframe,1
www.youtube.com/watch?v=UXmG9T4LdlE,Sohaib,,4,,SE,Sweden,Panzar,1
www.youtube.com/watch?v=LvvstGDo6r8,Sohaib,,4,,SE,Sweden,Panzar,2
www.youtube.com/watch?v=oM7IBnMMWU4,Jordan H,,4,,US,United States,Forsaken World,4
www.youtube.com/watch?v=gtO7NzJusbY,Jordan H,,4,,US,United States,Scarlet Blade,7
www.youtube.com/watch?v=1M_aSVMvL0g,Jordan H,,4,,US,United States,Age of Wushu,17
www.youtube.com/watch?v=jQLchEdrMQY,Jordan H,,4,,US,United States,Tera,1
www.youtube.com/watch?v=EavBHYIfceY,Sohaib,,5,,TH,Thailand,Minecraft,6
www.youtube.com/watch?v=hW-BJP7urTU,Sohaib,,5,,TH,Thailand,Minecraft,13
www.youtube.com/watch?v=B_dBg8IM6_Y,Preston,,5,,CA,Canada,By Mmo 51,2
www.youtube.com/watch?v=Czccyu7euNQ,Preston,,5,,CA,Canada,XSplit,2
www.youtube.com/watch?v=cgtxDAYaXr0,Preston,,5,,CA,Canada,Godsrule,22
www.youtube.com/watch?v=jjRZThactBs,Preston,,5,,CA,Canada,Divine Souls,17
www.youtube.com/watch?v=aFHIXFHxmio,Preston,,5,,CA,Canada,Elsword,26
www.youtube.com/watch?v=pExF95gdk80,Preston,,5,,CA,Canada,XSplit,4
www.youtube.com/watch?v=d9eWYW54Hd0,Preston,,5,,CA,Canada,Age of Wushu,41
www.youtube.com/watch?v=aFd93C4NbvY,Preston,,5,,CA,Canada,XSplit,1
www.youtube.com/watch?v=h0Q8J3QgR4k,Preston,,5,,CA,Canada,XSplit,1
www.youtube.com/watch?v=Hs1Tq_Mi_Yg,Preston,,5,,CA,Canada,XSplit,15
www.youtube.com/watch?v=ZBBlB23DwhA,Preston,,5,,CA,Canada,XSplit,1
www.youtube.com/watch?v=RYQPm78IYVw,Preston,,5,,CA,Canada,By Mmo 51,1
www.youtube.com/watch?v=3JWeMVIiz00,Preston,,5,,CA,Canada,XSplit,15
www.youtube.com/watch?v=DQcMdlPCtLE,Preston,,5,,CA,Canada,XSplit,3
www.youtube.com/watch?v=Ha8G3b3E52g,Preston,,5,,CA,Canada,XSplit,1
www.youtube.com/watch?v=Jt3chgPtpew,Preston,,5,,CA,Canada,XSplit,2
www.youtube.com/watch?v=cUwPpAfwSNM,Preston,,5,,CA,Canada,XSplit,10
www.youtube.com/watch?v=1kePwDrS7QY,Preston,,5,,CA,Canada,XSplit,1
www.youtube.com/watch?v=mdpvviiYSHs,Preston,,5,,CA,Canada,Elsword,5
www.youtube.com/watch?v=UxC0xz0yPQo,Preston,,5,,CA,Canada,XSplit,2
www.youtube.com/watch?v=VvfXzb6_8co,Preston,,5,,CA,Canada,By Mmo 51,2
www.youtube.com/watch?v=J9u27u04I-8,Preston,,5,,CA,Canada,By Mmo 51,1
www.youtube.com/watch?v=1XaEdf5n4vU,Preston,,5,,CA,Canada,XSplit,1
www.youtube.com/watch?v=4Xiar8TRvVo,Preston,,5,,CA,Canada,XSplit,1
www.youtube.com/watch?v=IfjQr8vRZ90,Preston,,5,,CA,Canada,XSplit,1
www.youtube.com/watch?v=diIDs-So-z8,Preston,,5,,CA,Canada,XSplit,1
www.youtube.com/watch?v=TjpT0rZvVms,Preston,,5,,CA,Canada,XSplit,1
www.youtube.com/watch?v=fug1kiRxD_0,Preston,,5,1,CA,Canada,League of Legends,29
www.youtube.com/watch?v=CaNTeLvraZQ,Daan,,5,,UK,United Kingdom,Planetside 2,1
www.youtube.com/watch?v=KawPnCfeNFs,Daan,Same as above other channel,5,,UK,United Kingdom,Planetside 2,1
www.youtube.com/watch?v=TrAMPdo98O0,Sohaib,,5,,US,United States,War Thunder,8
www.youtube.com/watch?v=kztHMfnEwVY,Jesse,Video is private,?,,UK,United Kingdom,Age of Wushu,1
www.youtube.com/watch?v=p38r0NaxJUI,Jesse,Video is private,?,,US,United States,Fiesta,2
www.youtube.com/watch?v=3u3fKq-hgac,Jesse,video is unavailable,?,,ES,Spain,Elsword,1
www.youtube.com/watch?v=94SJEFo0WuM,Jesse,video is unavailable,?,,US,United States,League of Legends,5
www.youtube.com/watch?v=VcB7UhzTxg0,Jesse,It's only 1 second long,?,,UK,United Kingdom,League of Legends,2
www.youtube.com/watch?v=LpG2YBT4eVU,Jesse,video is private,?,,US,United States,Imperium Galactic War,4
www.youtube.com/watch?v=uCHYDZEDdo4,Jesse,video is unavailable,?,,AU,Australia,Elsword,3
www.youtube.com/watch?v=R2Mym0xrGUo,Jesse,video is unavailable,?,,AU,Australia,World of Tanks,2
www.youtube.com/watch?v=1HoUTjXW9cM,Jesse,video is private,?,,NL,Netherlands,League of Legends,2
www.youtube.com/watch?v=n44UefSXAdo,Jesse,video is private,?,,HR,Croatia,World of Tanks,9
www.youtube.com/watch?v=ifmyeh9bdhA,Jesse,Nothing is on it,?,,DE,Germany,PlanetSide 2,1
www.youtube.com/watch?v=Yk-M6xWTJ7k,Sohaib,unavailable,?,,US,United States,Godfather: Five Families,2
www.youtube.com/watch?v=Y29TiWmA7LA,Sohaib,unavailable,?,,US,United States,Ghost Recon,2
www.youtube.com/watch?v=4UnaG09KY5Y,Sohaib,unavialable,?,,HU,Hungary,Star Wars: The Old Republic (SWTOR),19
www.youtube.com/watch?v=L8nXPVRR0hg,Sohaib,unavialable,?,,US,United States,Ghost Recon,1
www.youtube.com/watch?v=V1Yr7wEIhes,Sohaib,unavailable,?,,US,United States,Age of Wushu,1
www.youtube.com/watch?v=mHEI0o5RE7o,Sohaib,unavailable,?,,NL,Netherlands,League of Legends,1
www.youtube.com/watch?v=9W18K0UCx68,Sohaib,unavailable,?,,NL,Netherlands,Portal 2,1
www.youtube.com/watch?v=NiKCmtjDLZc,Sohaib,unavailable,?,,US,United States,Tera,225
www.youtube.com/watch?v=Hoc8AHti9xo,Sohaib,unavailable,?,,US,United States,Tera,28
www.youtube.com/watch?v=T0SvxjrVlg8,Sohaib,unavailable,?,,US,United States,Tera,9
www.youtube.com/watch?v=49bQ4u9Y3y0,Sohaib,unavailable,?,,AU,Australia,League of Legends,1
www.youtube.com/watch?v=_tLb9CakKxo,Jesse,video is unavailable,?,,PH,Philippines,Godsrule,3
www.youtube.com/watch?v=a0mOBoqdFSQ,Jesse,video is unavailable,?,,UK,United Kingdom,Goodgame Empire,14
www.youtube.com/watch?v=bI0WPlRULew,Jesse,video is unavailable,?,,UK,United Kingdom,Goodgame Empire,8
www.youtube.com/watch?v=xv-KsuOClYY,Jesse,video is unavailable,?,,UK,United Kingdom,Goodgame Empire,8
www.youtube.com/watch?v=tH7T-GiRUig,Jesse,video is unavailable,?,,UK,United Kingdom,Goodgame Empire,7
www.youtube.com/watch?v=1SNuVFBuNvA,Jesse,video is private,?,,RO,Romania,Vexxhost,8
www.youtube.com/watch?v=YSydZTmr1WY,Jesse,video is private,?,,RO,Romania,Vexxhost,2
www.youtube.com/watch?v=HbfNNCsjHFs,Sohaib,unavailable,?,,ES,Spain,PlanetSide 2,23
www.youtube.com/watch?v=6lyw5Ky0lMk,Sohaib,unavailable,?,,ES,Spain,PlanetSide 2,16
www.youtube.com/watch?v=Ww4_pDNAUnU,Sohaib,unavailable,?,,ES,Spain,PlanetSide 2,13
www.youtube.com/watch?v=nSM9FUqHiW0,Sohaib,unavailable,?,,ES,Spain,PlanetSide 2,11
www.youtube.com/watch?v=SKd89pWJwkw,Sohaib,unavailable,?,,ES,Spain,PlanetSide 2,6
www.youtube.com/watch?v=KZeRxKvj3x4,Sohaib,unavailable,?,,ES,Spain,PlanetSide 2,5
www.youtube.com/watch?v=3ZtewjBdB88,Sohaib,unavailable,?,,ES,Spain,PlanetSide 2,5
www.youtube.com/watch?v=P4Akgk_BKpE,Sohaib,unavailable,?,,ES,Spain,PlanetSide 2,5
www.youtube.com/watch?v=sjNJUtUuqsA,Sohaib,unavailable,?,,ES,Spain,PlanetSide 2,4
www.youtube.com/watch?v=WOhApOsD4RU,Sohaib,unavailable,?,,ES,Spain,PlanetSide 2,4
www.youtube.com/watch?v=CNcOy6b0YQY,Sohaib,unavailable,?,,ES,Spain,PlanetSide 2,4
www.youtube.com/watch?v=Gq9apEafBHA,Sohaib,unavailable,?,,ES,Spain,PlanetSide 2,4
www.youtube.com/watch?v=Jmcf0wTc6dA,Sohaib,unavailable,?,,ES,Spain,PlanetSide 2,2
www.youtube.com/watch?v=vGGZNOKt4nM,Sohaib,unavailable,?,,ES,Spain,Star Wars: The Old Republic (SWTOR),1
www.youtube.com/watch?v=Q-qeLlTjngU,Sohaib,unavailable,?,,ES,Spain,PlanetSide 2,1
www.youtube.com/watch?v=nTZryHEk3bY,Sohaib,unavailable,?,,ES,Spain,Star Wars: The Old Republic (SWTOR),1
www.youtube.com/watch?v=YgMSAKsxIvE,Sohaib,unavailable,?,,ES,Spain,Age of Wushu,1
www.youtube.com/watch?v=Q_odcpV9QuI,Sohaib,unavailable,?,,CA,Canada,Scarlet Blade,2
www.youtube.com/watch?v=MF871gCN17k,Sohaib,unavailable,?,,CA,Canada,Elsword,1
www.youtube.com/watch?v=zvw4YiU_dBE,Sohaib,unavailable,?,,HR,Croatia,PlanetSide 2,1
www.youtube.com/watch?v=vOEw8Fsjaw0,Sohaib,,account closed,,HU,Hungary,Imperium Galactic War,3
www.youtube.com/watch?v=7zG8lGbMWHc,Sohaib,,account terminated,,,,Age of Wushu,13
www.youtube.com/watch?v=LZJir1E2lsw,George,,Approved,,SG,Singapore,Star Wars: The Old Republic (SWTOR),1
www.youtube.com/watch?v=lJjG6pkNvVc,George,,Approved,,SG,Singapore,Star Wars: The Old Republic (SWTOR),3
www.youtube.com/watch?v=96puQErWYtI,George,,Approved,,SG,Singapore,Star Wars: The Old Republic (SWTOR),2
www.youtube.com/watch?v=u4MEKs7BEWQ,George,,Approved,,SG,Singapore,Star Wars: The Old Republic (SWTOR),4
www.youtube.com/watch?v=jXXFzHgWq2k,George,,Approved,,SG,Singapore,Star Wars: The Old Republic (SWTOR),1
www.youtube.com/watch?v=PmQvi5Cbt4c,George,,Approved,,SG,Singapore,The Secret World,5
www.youtube.com/watch?v=tudbFJfbvw4,George,,Approved,,SG,Singapore,The Secret World,2
www.youtube.com/watch?v=sfgoSTjfWBY,George,,Approved,,SG,Singapore,Star Wars: The Old Republic (SWTOR),1
www.youtube.com/watch?v=DiceFOGgI9Y,George,,Approved,,SG,Singapore,Star Wars: The Old Republic (SWTOR),4
www.youtube.com/watch?v=9C4Xf63oakw,George,,Approved,,SG,Singapore,The Secret World,8
www.youtube.com/watch?v=7dss9GFiC54,George,,Approved,,SG,Singapore,Guild Wars 2,8
www.youtube.com/watch?v=5_H2Isdvis8,George,,Approved,,SG,Singapore,Star Wars: The Old Republic (SWTOR),2
www.youtube.com/watch?v=ZWxxds7VpCQ,George,,Approved,,SG,Singapore,Guild Wars 2,6
www.youtube.com/watch?v=JBI1yHd3wKA,George,,Approved,,SG,Singapore,Star Wars: The Old Republic (SWTOR),4
www.youtube.com/watch?v=LrNcJtIgnBE,George,,Approved,,SG,Singapore,Star Wars: The Old Republic (SWTOR),1
www.youtube.com/watch?v=zpMsf-7eDg4,George,,Approved,,SG,Singapore,Guild Wars 2,6
www.youtube.com/watch?v=qHyd3RM2pxo,George,,Approved,,SG,Singapore,The Secret World,2
www.youtube.com/watch?v=cjSy_F03q4Q,George,,Approved,,SG,Singapore,Star Wars: The Old Republic (SWTOR),2
www.youtube.com/watch?v=ulALN6XQ-5w,George,,Approved,,SG,Singapore,Aion,4
www.youtube.com/watch?v=uYi1y1KmgKw,George,,Approved,,SG,Singapore,The Secret World,8
www.youtube.com/watch?v=WeKK4sSvHnk,George,,Approved,,SG,Singapore,Guild Wars 2,9
www.youtube.com/watch?v=7t0N37J4RpU,George,,Approved,,SG,Singapore,Guild Wars 2,7
www.youtube.com/watch?v=U5D-KKxw3qI,George,,Approved,,SG,Singapore,The Secret World,2
www.youtube.com/watch?v=4zlqZPTNIKo,George,,Approved,,SG,Singapore,Star Wars: The Old Republic (SWTOR),1
www.youtube.com/watch?v=uUvI36pS47M,George,,Approved,,SG,Singapore,The Secret World,3
www.youtube.com/watch?v=l_lnKYnpJv8,George,,Approved,,SG,Singapore,Guild Wars 2,1
www.youtube.com/watch?v=JHJ7YBH84Dk,George,,Approved,,SG,Singapore,Guild Wars 2,4
www.youtube.com/watch?v=t5gXCp68C0M,George,,Approved,,SG,Singapore,Guild Wars 2,7
www.youtube.com/watch?v=5mIabUVuf6E,George,,Approved,,SG,Singapore,Star Wars: The Old Republic (SWTOR),1
www.youtube.com/watch?v=p4Mv9lWDQ_g,George,,Approved,,SG,Singapore,Guild Wars 2,3
www.youtube.com/watch?v=EZ7UV2HaXzw,George,,Approved,,SG,Singapore,Star Wars: The Old Republic (SWTOR),1
www.youtube.com/watch?v=OYayROuBh7g,George,,Approved,,SG,Singapore,Guild Wars 2,13
www.youtube.com/watch?v=PaKOwHE4rN8,Sohaib,,Approved,,,,Guild Wars 2,1
www.youtube.com/watch?v=Q99oa_XjxFU,George,,Approved,,SG,Singapore,The Secret World,3
www.youtube.com/watch?v=5ycQW6tMiWc,George,,Approved,,SG,Singapore,The Secret World,2
www.youtube.com/watch?v=GYelG71B9S4,George,,Approved,,SG,Singapore,Star Wars: The Old Republic (SWTOR),1
www.youtube.com/watch?v=plMouSREnuc,George,,Approved,,SG,Singapore,Guild Wars 2,5
www.youtube.com/watch?v=BjXr4kUeP90,George,,Approved,,SG,Singapore,Tera,4
www.youtube.com/watch?v=BcJgWZD_HtA,George,,Approved,,SG,Singapore,Tera,4
www.youtube.com/watch?v=1w8MsvSJC0g,George,,Approved,,SG,Singapore,Guild Wars 2,14
www.youtube.com/watch?v=maKi8YdDatg,George,,Approved,,SG,Singapore,Guild Wars 2,8
www.youtube.com/watch?v=0t1cYjtCTAw,George,,Approved,,SG,Singapore,Guild Wars 2,11
www.youtube.com/watch?v=gB1r3gBC-pA,George,,Approved,,SG,Singapore,Guild Wars 2,5
www.youtube.com/watch?v=6jodIoes7yY,George,,Approved,,SG,Singapore,Tera,4
www.youtube.com/watch?v=ezWGcpKfEXc,George,,Approved,,SG,Singapore,Star Wars: The Old Republic (SWTOR),2
www.youtube.com/watch?v=t9UMwDG_yJY,George,,Approved,,SG,Singapore,Star Wars: The Old Republic (SWTOR),1
www.youtube.com/watch?v=ZuX8fxN6uqU,George,,Approved,,SG,Singapore,Guild Wars 2,2
www.youtube.com/watch?v=nhKN3PLrcfc,George,,Approved,,SG,Singapore,Guild Wars 2,9
www.youtube.com/watch?v=KlHjSPlR8rs,George,,Approved,,SG,Singapore,The Secret World,3
www.youtube.com/watch?v=HcHRPuT54nw,George,,Approved,,SG,Singapore,Guild Wars 2,6
www.youtube.com/watch?v=_P_MMhVhQJs,George,,Approved,,SG,Singapore,Guild Wars 2,3
www.youtube.com/watch?v=D00JHqw5lpU,George,,Approved,,SG,Singapore,Guild Wars 2,7
www.youtube.com/watch?v=tldpycfOcOk,George,,Approved,,SG,Singapore,Guild Wars 2,2
www.youtube.com/watch?v=NMq_ZMuQbj8,George,,Approved,,SG,Singapore,Guild Wars 2,5
www.youtube.com/watch?v=vpGVoik-DM4,George,,Approved,,SG,Singapore,Star Wars: The Old Republic (SWTOR),1
www.youtube.com/watch?v=tHnkWsZfP54,George,,Approved,,SG,Singapore,Aion,2
www.youtube.com/watch?v=wEzHn_tuDLI,George,,Approved,,SG,Singapore,Aion,2
www.youtube.com/watch?v=zk_8kNiyjv4,George,,Approved,,SG,Singapore,Guild Wars 2,5
www.youtube.com/watch?v=SaxILwYKZ-k,George,,Approved,,SG,Singapore,Star Wars: The Old Republic (SWTOR),1
www.youtube.com/watch?v=dndJ_qeBKsI,George,,Approved,,SG,Singapore,Guild Wars 2,2
www.youtube.com/watch?v=EuxVRg0B7Ck,George,,Approved,,SG,Singapore,Guild Wars 2,19
www.youtube.com/watch?v=UX7JKVnyWco,George,,Approved,,SG,Singapore,Guild Wars 2,24
www.youtube.com/watch?v=RGdDk33hD5c,George,,Approved,,SG,Singapore,Aion,1
www.youtube.com/watch?v=T_63yA424Ko,George,,Approved,,SG,Singapore,Aion,1
www.youtube.com/watch?v=FcqmKxxnKAM,George,,Approved,,SG,Singapore,Guild Wars 2,15
www.youtube.com/watch?v=9aotQA20BCM,George,,Approved,,SG,Singapore,Aion,15
www.youtube.com/watch?v=HjqqgFqltWo,George,,Approved,,SG,Singapore,Guild Wars 2,21
www.youtube.com/watch?v=i93gt8FKOyo,George,,Approved,,SG,Singapore,Guild Wars 2,2
www.youtube.com/watch?v=jFN5lwpBv80,George,,Approved,,SG,Singapore,Star Wars: The Old Republic (SWTOR),6
www.youtube.com/watch?v=y6fwAIJA0dg,George,,Approved,,SG,Singapore,The Secret World,1
www.youtube.com/watch?v=DV0LBNGH68M,George,,Approved,,SG,Singapore,Tera,2
www.youtube.com/watch?v=lxO6ZWew5-M,George,,Approved,,SG,Singapore,Aion,2
www.youtube.com/watch?v=_7TvBw5wwB0,George,,Approved,,SG,Singapore,Guild Wars 2,1
www.youtube.com/watch?v=weezGzpczE8,George,,Approved,,SG,Singapore,Star Wars: The Old Republic (SWTOR),1
www.youtube.com/watch?v=jrS7U47C0bE,George,,Approved,,SG,Singapore,Guild Wars 2,5
www.youtube.com/watch?v=GuWX-uoj2ZI,George,,Approved,,SG,Singapore,Star Wars: The Old Republic (SWTOR),1
www.youtube.com/watch?v=O3-u803Nubk,George,,Approved,,SG,Singapore,Guild Wars 2,1
www.youtube.com/watch?v=DTPI7SgM9WE,George,,Approved,,SG,Singapore,The Secret World,2
www.youtube.com/watch?v=nYs5G0RqKWU,George,,Approved,,SG,Singapore,Tera,2
www.youtube.com/watch?v=4TE9c8faLfc,George,,Approved,,SG,Singapore,Aion,2
www.youtube.com/watch?v=k_CR_9qFmTo,George,,Approved,,SG,Singapore,Guild Wars 2,3
www.youtube.com/watch?v=QEG7FA1dH40,George,,Approved,,SG,Singapore,Guild Wars 2,13
www.youtube.com/watch?v=ZKkib_Z-6_4,George,,Approved,,SG,Singapore,The Secret World,1
www.youtube.com/watch?v=QnGRawYmM80,George,,Approved,,SG,Singapore,Guild Wars 2,4
www.youtube.com/watch?v=shiH4Lwoy0o,George,,Approved,,SG,Singapore,Star Wars: The Old Republic (SWTOR),2
www.youtube.com/watch?v=CJte88kWmCM,George,,Approved,,SG,Singapore,Guild Wars 2,1
www.youtube.com/watch?v=EkXuVsZYYIM,George,,Approved,,SG,Singapore,Guild Wars 2,21
www.youtube.com/watch?v=xBKWrlO7PV0,George,,Approved,,SG,Singapore,Aion,1
www.youtube.com/watch?v=nHw7A4l2pqo,George,,Approved,,SG,Singapore,Guild Wars 2,2
www.youtube.com/watch?v=frBFluHyhzY,George,,Approved,,SG,Singapore,Star Wars: The Old Republic (SWTOR),3
www.youtube.com/watch?v=AT86nLg9l6M,George,,Approved,,SG,Singapore,Guild Wars 2,1
www.youtube.com/watch?v=FZexWxl-DVE,George,,Approved,,SG,Singapore,The Secret World,7
www.youtube.com/watch?v=3mhg-f3zmBM,George,,Approved,,SG,Singapore,Guild Wars 2,1
www.youtube.com/watch?v=eZrS4CSbbJg,George,,Approved,,SG,Singapore,Star Wars: The Old Republic (SWTOR),3
www.youtube.com/watch?v=TeA9GIjLdLg,George,,Approved,,SG,Singapore,The Secret World,3
www.youtube.com/watch?v=_K9QAPo8UXs,George,,Approved,,SG,Singapore,The Secret World,2
www.youtube.com/watch?v=YEMRMu21BGg,George,,Approved,,SG,Singapore,Guild Wars 2,1
www.youtube.com/watch?v=fWEBgDpvsgQ,George,,Approved,,SG,Singapore,Guild Wars 2,15
www.youtube.com/watch?v=5qfj2xNhVaY,George,,Approved,,SG,Singapore,Tera,4
www.youtube.com/watch?v=87w80fXfC9s,George,,Approved,,SG,Singapore,The Secret World,1
www.youtube.com/watch?v=uvSzuAyCvKI,George,,Approved,,SG,Singapore,Guild Wars 2,4
www.youtube.com/watch?v=GMAoprwjHf0,George,,Approved,,SG,Singapore,Guild Wars 2,3
www.youtube.com/watch?v=oFAz9vhnqLA,George,,Approved,,SG,Singapore,Aion,4
www.youtube.com/watch?v=ZFtJOQgHiLw,George,,Approved,,SG,Singapore,Guild Wars 2,9
www.youtube.com/watch?v=cfw2xKcI3cU,George,,Approved,,SG,Singapore,Guild Wars 2,1
www.youtube.com/watch?v=X26MmqYPp3Y,George,,Approved,,SG,Singapore,The Secret World,3
www.youtube.com/watch?v=1Qbf8JYd630,George,,Approved,,SG,Singapore,The Secret World,2
www.youtube.com/watch?v=zUojVR0Y2GM,George,,Approved,,SG,Singapore,Guild Wars 2,5
www.youtube.com/watch?v=R90ywc9ulRs,George,,Approved,,SG,Singapore,The Secret World,1
www.youtube.com/watch?v=-gTs77IqZ-k,George,,Approved,,SG,Singapore,Aion,3
www.youtube.com/watch?v=9UR-atqDrnM,George,,Approved,,SG,Singapore,Star Wars: The Old Republic (SWTOR),4
www.youtube.com/watch?v=jS3-Uwgo92g,George,,Approved,,SG,Singapore,Star Wars: The Old Republic (SWTOR),1
www.youtube.com/watch?v=Fqwyxh_ATcs,George,,Approved,,SG,Singapore,The Secret World,2
www.youtube.com/watch?v=SHK73vIDzYs,George,,Approved,,SG,Singapore,The Secret World,1
www.youtube.com/watch?v=wCeesT7xTyc,George,,Approved,,SG,Singapore,Aion,2
www.youtube.com/watch?v=DI9-bT5IyPI,George,,Approved,,SG,Singapore,Star Wars: The Old Republic (SWTOR),1
www.youtube.com/watch?v=xWmz7GeXceQ,George,,Approved,,SG,Singapore,The Secret World,3
www.youtube.com/watch?v=-Knk105E4bo,George,,Approved,,SG,Singapore,Aion,4
www.youtube.com/watch?v=zMFm_w-V3-4,George,,Approved,,SG,Singapore,The Secret World,1
www.youtube.com/watch?v=CaN3_E3pEaQ,George,,Approved,,SG,Singapore,Guild Wars 2,2
www.youtube.com/watch?v=T5Sh0WIjeC4,George,,Approved,,SG,Singapore,Guild Wars 2,2
www.youtube.com/watch?v=s0Xxpp8uN90,George,,Approved,,SG,Singapore,Guild Wars 2,12
www.youtube.com/watch?v=0Gl_P4RE50E,George,,Approved,,SG,Singapore,Guild Wars 2,2
www.youtube.com/watch?v=zooDeD1X3q0,Sohaib,,Approved,,,,Guild Wars 2,1
www.youtube.com/watch?v=wwyQ0oo5A3U,George,,Approved,,SG,Singapore,The Secret World,4
www.youtube.com/watch?v=m8lfq1QINso,George,,Approved,,SG,Singapore,Guild Wars 2,3
www.youtube.com/watch?v=Dj-KQO1J7xE,George,,Approved,,SG,Singapore,Star Wars: The Old Republic (SWTOR),1
www.youtube.com/watch?v=f0xFDBoR98w,George,,Approved,,SG,Singapore,Guild Wars 2,2
www.youtube.com/watch?v=kWjVuyPiKH8,George,,Approved,,SG,Singapore,Guild Wars 2,1
www.youtube.com/watch?v=v31thBj61nA,George,,Approved,,SG,Singapore,Aion,3
www.youtube.com/watch?v=iRkGyBMuOng,George,,Approved,,SG,Singapore,Star Wars: The Old Republic (SWTOR),1
www.youtube.com/watch?v=H0sWOKqEZvg,George,,Approved,,SG,Singapore,The Secret World,1
www.youtube.com/watch?v=fOZQT2GSfDM,George,,Approved,,SG,Singapore,Star Wars: The Old Republic (SWTOR),3
www.youtube.com/watch?v=8QkPEtzS-ak,George,,Approved,,SG,Singapore,Guild Wars 2,1
www.youtube.com/watch?v=IHOiCYLgPyE,George,,Approved,,SG,Singapore,The Secret World,2
www.youtube.com/watch?v=mDdSGTJqCSU,George,,Approved,,SG,Singapore,Guild Wars 2,3
www.youtube.com/watch?v=sNnAbhksFbI,George,,Approved,,SG,Singapore,Star Wars: The Old Republic (SWTOR),1
www.youtube.com/watch?v=8Il-PQk50OY,George,,Approved,,SG,Singapore,The Secret World,3
www.youtube.com/watch?v=nQh_RuKJa_A,George,,Approved,,SG,Singapore,Guild Wars 2,1
www.youtube.com/watch?v=nMBaCmKEBcY,George,,Approved,,SG,Singapore,Guild Wars 2,15
www.youtube.com/watch?v=MLonFd55oTU,George,,Approved,,SG,Singapore,Guild Wars 2,1
www.youtube.com/watch?v=_le2dKIhEzQ,George,,Approved,,SG,Singapore,Guild Wars 2,1
www.youtube.com/watch?v=_zRrb6bpg-E,George,,Approved,,SG,Singapore,The Secret World,2
www.youtube.com/watch?v=Uo0KW-lBsP0,George,,Approved,,SG,Singapore,Guild Wars 2,2
www.youtube.com/watch?v=Tp_HErNt7Ic,George,,Approved,,SG,Singapore,The Secret World,2
www.youtube.com/watch?v=WqD7h7UQGOk,George,,Approved,,SG,Singapore,Guild Wars 2,4
www.youtube.com/watch?v=8OdPaG_hMoU,George,,Approved,,SG,Singapore,Guild Wars 2,5
www.youtube.com/watch?v=BI-n8m82VkQ,George,,Approved,,SG,Singapore,The Secret World,2
www.youtube.com/watch?v=M-8W_BdZ-dM,George,,Approved,,SG,Singapore,The Secret World,1
www.youtube.com/watch?v=I-OWvR6jMb4,George,,Approved,,SG,Singapore,Guild Wars 2,1
www.youtube.com/watch?v=tL6hj_EdN5E,George,,Approved,,SG,Singapore,Guild Wars 2,2
www.youtube.com/watch?v=ltJ3Okn75B4,George,,Approved,,SG,Singapore,Guild Wars 2,1
www.youtube.com/watch?v=Nkg2Oyg9x20,George,,Approved,,SG,Singapore,Star Wars: The Old Republic (SWTOR),1
www.youtube.com/watch?v=XQitaZ9WF4k,George,,Approved,,SG,Singapore,Guild Wars 2,2
www.youtube.com/watch?v=KD8rfKy8gSI,George,,Approved,,SG,Singapore,Guild Wars 2,13
www.youtube.com/watch?v=QWQfiiUX3u0,George,,Approved,,SG,Singapore,Aion,1
www.youtube.com/watch?v=tdH4GfFe0Hc,George,,Approved,,SG,Singapore,Guild Wars 2,12
www.youtube.com/watch?v=BMiiwx_9fg0,George,,Approved,,SG,Singapore,The Secret World,1
www.youtube.com/watch?v=YSyquXmClJ8,George,,Approved,,SG,Singapore,Guild Wars 2,8
www.youtube.com/watch?v=aVVJbF1fqbk,George,,Approved,,SG,Singapore,Tera,1
www.youtube.com/watch?v=SP4i4R0susw,George,,Approved,,SG,Singapore,Tera,1
www.youtube.com/watch?v=7Ytg0HnnEG0,George,,Approved,,SG,Singapore,Star Wars: The Old Republic (SWTOR),1
www.youtube.com/watch?v=yHdD5TQGc1g,George,,Approved,,SG,Singapore,Guild Wars 2,1
www.youtube.com/watch?v=Js3pk-8VzEw,George,,Approved,,SG,Singapore,Guild Wars 2,2
www.youtube.com/watch?v=oHvba74vYRM,George,,Approved,,SG,Singapore,Star Wars: The Old Republic (SWTOR),1
www.youtube.com/watch?v=wJOLcbMtlxQ,George,,Approved,,SG,Singapore,Guild Wars 2,7
www.youtube.com/watch?v=G3B9ZZHGcf8,George,,Approved,,SG,Singapore,Star Wars: The Old Republic (SWTOR),1
www.youtube.com/watch?v=J_tMCzANkOQ,George,,Approved,,SG,Singapore,Guild Wars 2,8
www.youtube.com/watch?v=fY0du-MlT1A,George,,Approved,,SG,Singapore,Guild Wars 2,7
www.youtube.com/watch?v=7VuR2iI67Xk,George,,Approved,,SG,Singapore,The Secret World,2
www.youtube.com/watch?v=powlKoZZ6-8,George,,Approved,,SG,Singapore,Guild Wars 2,1
www.youtube.com/watch?v=xHzT6yMylzU,George,,Approved,,SG,Singapore,Guild Wars 2,2
www.youtube.com/watch?v=ZxSewTYFA_0,George,,Approved,,SG,Singapore,Guild Wars 2,1
www.youtube.com/watch?v=Faqd1SFz1IA,George,,Approved,,SG,Singapore,Guild Wars 2,8
www.youtube.com/watch?v=efNGYOO0p0o,George,,Approved,,SG,Singapore,Guild Wars 2,7
www.youtube.com/watch?v=WGRBiu6LQWk,George,,Approved,,SG,Singapore,Guild Wars 2,1
www.youtube.com/watch?v=ubSVnQOBqeM,George,,Approved,,SG,Singapore,Guild Wars 2,5
www.youtube.com/watch?v=KQZFdD_ZTTY,George,,Approved,,SG,Singapore,Guild Wars 2,3
www.youtube.com/watch?v=l_ZpExU3OY4,George,,Approved,,SG,Singapore,Guild Wars 2,2
www.youtube.com/watch?v=NmruYHg3m08,George,,Approved,,SG,Singapore,Guild Wars 2,7
www.youtube.com/watch?v=8XhhpCZ5dBM,George,,Approved,,SG,Singapore,Guild Wars 2,4
www.youtube.com/watch?v=oLsDlzE81T8,George,,Approved,,SG,Singapore,Guild Wars 2,2
www.youtube.com/watch?v=4veHdYht_U4,George,,Approved,,SG,Singapore,Guild Wars 2,1
www.youtube.com/watch?v=qzajrQpNEZY,George,,Approved,,SG,Singapore,Guild Wars 2,1
www.youtube.com/watch?v=F7TLCG6vZZg,George,,Approved,,SG,Singapore,Guild Wars 2,3
www.youtube.com/watch?v=ylhP0pK1Ox0,George,,Approved,,SG,Singapore,Guild Wars 2,1
www.youtube.com/watch?v=iXdonavv9tU,George,,Approved,,SG,Singapore,Guild Wars 2,6
www.youtube.com/watch?v=zE637uOj61o,George,,Approved,,SG,Singapore,Guild Wars 2,3
www.youtube.com/watch?v=k17-7r_6dSY,George,,Approved,,SG,Singapore,Guild Wars 2,1
www.youtube.com/watch?v=yOu02w5XKhM,George,,Approved,,SG,Singapore,The Secret World,1
www.youtube.com/watch?v=yYogBDK2AhY,George,,Approved,,SG,Singapore,Guild Wars 2,1
www.youtube.com/watch?v=2GhyM1nJnDM,George,,Approved,,SG,Singapore,The Secret World,1
www.youtube.com/watch?v=A30uLguUV4Q,George,,Approved,,SG,Singapore,Guild Wars 2,1
www.youtube.com/watch?v=pK6WBmZkkvk,George,,Approved,,SG,Singapore,The Secret World,2
www.youtube.com/watch?v=UlvC7tiF-L8,George,,Approved,,SG,Singapore,The Secret World,1
www.youtube.com/watch?v=vw5hGJgyFfQ,George,,Approved,,SG,Singapore,Guild Wars 2,1
www.youtube.com/watch?v=caz8_SqghmY,George,,Approved,,SG,Singapore,Guild Wars 2,2
www.youtube.com/watch?v=hF5nPca3usY,George,,Approved,,SG,Singapore,Aion,2
www.youtube.com/watch?v=DWBHmeAJhT0,George,,Approved,,SG,Singapore,Guild Wars 2,10
www.youtube.com/watch?v=OWWOiFUjf88,George,,Approved,,SG,Singapore,Guild Wars 2,2
www.youtube.com/watch?v=9CIO5TGYgCA,George,,Approved,,SG,Singapore,Guild Wars 2,3
www.youtube.com/watch?v=eeHGBSBZXYA,George,,Approved,,SG,Singapore,Guild Wars 2,2
www.youtube.com/watch?v=5us7J99MQzk,Sohaib,,Approved,,,,Guild Wars 2,3
www.youtube.com/watch?v=ccvbPNX9AAQ,Sohaib,,Approved,,,,The Secret World,1
www.youtube.com/watch?v=SSAD5pkAgEw,George,,Approved,,SG,Singapore,Guild Wars 2,2
www.youtube.com/watch?v=wMOkhoIlsSI,George,,Approved,,SG,Singapore,Guild Wars 2,2
www.youtube.com/watch?v=cOLhKOXJBCI,George,,Approved,,SG,Singapore,Guild Wars 2,2
www.youtube.com/watch?v=ljsTHBKZN6Y,George,,Approved,,SG,Singapore,The Secret World,1
www.youtube.com/watch?v=whwZy7_Y4pE,George,,Approved,,SG,Singapore,Guild Wars 2,9
www.youtube.com/watch?v=_GsACJBVhV0,George,,Approved,,SG,Singapore,Guild Wars 2,1
www.youtube.com/watch?v=mA54MBk6lHo,George,,Approved,,SG,Singapore,Guild Wars 2,1
www.youtube.com/watch?v=ThK1KvSsbOw,George,,Approved,,SG,Singapore,Guild Wars 2,4
www.youtube.com/watch?v=wTuU6ol301Q,George,,Approved,,SG,Singapore,Guild Wars 2,1
www.youtube.com/watch?v=0pNRCttOhXM,George,,Approved,,SG,Singapore,The Secret World,1
www.youtube.com/watch?v=pLzoBpE3lCM,George,,Approved,,SG,Singapore,Guild Wars 2,4
www.youtube.com/watch?v=sQ1_FZ8lBZU,George,,Approved,,SG,Singapore,Guild Wars 2,1
www.youtube.com/watch?v=hS-dR4CvD78,George,,Approved,,SG,Singapore,Guild Wars 2,3
www.youtube.com/watch?v=sQpBcMb4IZ4,George,,Approved,,SG,Singapore,Guild Wars 2,2
www.youtube.com/watch?v=0FwO9H5mt4k,George,,Approved,,SG,Singapore,The Secret World,1
www.youtube.com/watch?v=FJImTvuX1aw,George,,Approved,,SG,Singapore,Tera,1
www.youtube.com/watch?v=tnF8sRRi3Hw,George,,Approved,,SG,Singapore,Guild Wars 2,1
www.youtube.com/watch?v=bGd9Xhb9tF0,George,,Approved,,SG,Singapore,The Secret World,1
www.youtube.com/watch?v=Z5TMAFRd4aM,George,,Approved,,SG,Singapore,Guild Wars 2,1
www.youtube.com/watch?v=uYYEvSyCduc,George,,Approved,,SG,Singapore,Guild Wars 2,6
www.youtube.com/watch?v=kG02O9CXu_M,George,,Approved,,SG,Singapore,Guild Wars 2,1
www.youtube.com/watch?v=sK1vXGH4wIw,George,,Approved,,SG,Singapore,Guild Wars 2,1
www.youtube.com/watch?v=zxIV6lnPZq0,George,,Approved,,SG,Singapore,The Secret World,1
www.youtube.com/watch?v=wOnoNoUpztY,George,,Approved,,SG,Singapore,The Secret World,2
www.youtube.com/watch?v=33fM7PdZAAQ,George,,Approved,,SG,Singapore,Guild Wars 2,1
www.youtube.com/watch?v=Z59jRgq6HNI,George,,Approved,,SG,Singapore,Guild Wars 2,3
www.youtube.com/watch?v=71J_aKeugAI,George,,Approved,,SG,Singapore,Guild Wars 2,1
www.youtube.com/watch?v=x9bJYaYoe5Q,George,,Approved,,SG,Singapore,The Secret World,1
www.youtube.com/watch?v=MPYGvUMdsrA,George,,Approved,,SG,Singapore,Guild Wars 2,2
www.youtube.com/watch?v=wV4tkbap8gY,George,,Approved,,SG,Singapore,The Secret World,1
www.youtube.com/watch?v=rBq9gbIXXy8,George,,Approved,,SG,Singapore,Guild Wars 2,7
www.youtube.com/watch?v=ipyCylbPpns,George,,Approved,,SG,Singapore,The Secret World,1
www.youtube.com/watch?v=yqNOJXpFTN4,George,,Approved,,SG,Singapore,Guild Wars 2,1
www.youtube.com/watch?v=yY0kmpA0opk,George,,Approved,,SG,Singapore,Guild Wars 2,4
www.youtube.com/watch?v=hbSgnQZ7UT8,George,,Approved,,SG,Singapore,The Secret World,1
www.youtube.com/watch?v=xvG0XA-ebLY,Sohaib,,approved,,,,Guild Wars 2,3
www.youtube.com/watch?v=j9XozKQzii0,George,,Approved,,SG,Singapore,Guild Wars 2,3
www.youtube.com/watch?v=Ted1dlacjfM,George,,Approved,,SG,Singapore,Guild Wars 2,1
www.youtube.com/watch?v=FCkkRDZ9Wk8,George,,Approved,,SG,Singapore,Guild Wars 2,1
www.youtube.com/watch?v=3Tffpw7DsDA,George,,Approved,,SG,Singapore,The Secret World,1
www.youtube.com/watch?v=5fojiBOViAw,George,,Approved,,SG,Singapore,Guild Wars 2,1
www.youtube.com/watch?v=MP2ftzadTkg,George,,Approved,,SG,Singapore,Guild Wars 2,1
www.youtube.com/watch?v=jqJeXuCyO2s,George,,Approved,,SG,Singapore,The Secret World,1
www.youtube.com/watch?v=fGGbPM3o5wU,George,,Approved,,SG,Singapore,Guild Wars 2,5
www.youtube.com/watch?v=9tSkJAewpsQ,George,,Approved,,SG,Singapore,Guild Wars 2,5
www.youtube.com/watch?v=n7quiB-JkzE,George,,Approved,,SG,Singapore,Guild Wars 2,4
www.youtube.com/watch?v=VfzDwLus5yQ,George,,Approved,,SG,Singapore,The Secret World,1
www.youtube.com/watch?v=zS2XABgfssM,George,,Approved,,SG,Singapore,Star Wars: The Old Republic (SWTOR),1
www.youtube.com/watch?v=ngGqHFoag3w,George,,Approved,,SG,Singapore,Guild Wars 2,1
www.youtube.com/watch?v=G9cZgA6x5Gc,Sohaib,,Approved,,,,Guild Wars 2,1
www.youtube.com/watch?v=sqjY2Yi2xW8,Sohaib,,Approved,,,,The Secret World,1
www.youtube.com/watch?v=HVGng7ciNpw,Sohaib,,Approved,,,,Guild Wars 2,1
www.youtube.com/watch?v=RRQQg0vi_TE,George,,Approved,,SG,Singapore,Guild Wars 2,5
www.youtube.com/watch?v=22YO5wlmUb8,George,,Approved,,SG,Singapore,Guild Wars 2,1
www.youtube.com/watch?v=b8NPSuo5lsU,George,,Approved,,SG,Singapore,Star Wars: The Old Republic (SWTOR),1
www.youtube.com/watch?v=rZixSf7ATEY,George,,Approved,,SG,Singapore,Guild Wars 2,6
www.youtube.com/watch?v=RbJydZ_uqt4,George,,Approved,,SG,Singapore,The Secret World,1
www.youtube.com/watch?v=jRHa_9AhvV8,George,,Approved,,SG,Singapore,The Secret World,1
www.youtube.com/watch?v=wIDl26sbPL4,Sohaib,,Approved,,,,Guild Wars 2,3
www.youtube.com/watch?v=Bn33R0i6FLY,George,,Approved,,SG,Singapore,Guild Wars 2,4
www.youtube.com/watch?v=99G3aTFkXro,George,,Approved,,SG,Singapore,Guild Wars 2,3
www.youtube.com/watch?v=Z1D9__o-F4U,Sohaib,,Approved,,,,Guild Wars 2,1
www.youtube.com/watch?v=RewEOBDtP9o,George,,Approved,,SG,Singapore,The Secret World,1
www.youtube.com/watch?v=arTSJQbYywI,George,,Approved,,SG,Singapore,Guild Wars 2,2
www.youtube.com/watch?v=kMTSUEpJzZ4,Sohaib,,Approved,,,,Marvel Heroes,11
www.youtube.com/watch?v=-OOLrVuYto8,George,,Approved,,SG,Singapore,Guild Wars 2,1
www.youtube.com/watch?v=L9H4bXyV1Gk,George,,Approved,,SG,Singapore,Guild Wars 2,2
www.youtube.com/watch?v=wsDHioHhrd0,Sohaib,,Approved,,,,Guild Wars 2,2
www.youtube.com/watch?v=aXLQmfTjL_Y,Sohaib,,Approved,,,,Guild Wars 2,2
www.youtube.com/watch?v=pqzl1Lpps14,Sohaib,,Approved,,,,Guild Wars 2,1
www.youtube.com/watch?v=XNt2_D1b8nw,Sohaib,,Approved,,,,Guild Wars 2,1
www.youtube.com/watch?v=TI7patIhbDM,Sohaib,,Approved,,,,Guild Wars 2,1
www.youtube.com/watch?v=v4gHaMOWXF8,Sohaib,,Approved,,CA,Canada,Scarlet Blade,3
www.youtube.com/watch?v=6t2v5lUkVno,Sohaib,,Approved,,CA,Canada,Age of Wushu,3
www.youtube.com/watch?v=MRFGqplqkNo,Sohaib,,Approved,,CA,Canada,Forsaken World,1
www.youtube.com/watch?v=LOViaJZAgPU,Sohaib,,Approved,,CA,Canada,Forsaken World,2
www.youtube.com/watch?v=J7upnazqVFE,Sohaib,,Approved,,CA,Canada,Scarlet Blade,1
www.youtube.com/watch?v=DmPnViRU5dU,Sohaib,,Approved,,CA,Canada,Tera,1
www.youtube.com/watch?v=8ibeM9w98fI,Sohaib,,Approved,,CA,Canada,Age of Wushu,1
www.youtube.com/watch?v=vj-O3GBp5ds,Sohaib,,Approved,,CA,Canada,Tera,2
www.youtube.com/watch?v=d-1-tX3YZdE,Sohaib,,Approved,,CA,Canada,Age of Wushu,1
www.youtube.com/watch?v=lS_ZQieuWlc,Sohaib,,Approved,,CA,Canada,Forsaken World,1
www.youtube.com/watch?v=HzfajLEqC8A,Sohaib,,Approved,,CA,Canada,Tera,1
www.youtube.com/watch?v=dtIqmhCeoPI,Sohaib,,Approved,,CA,Canada,Tera,7
www.youtube.com/watch?v=L8pSx0LK2LM,Sohaib,,Approved,,CA,Canada,Tera,1
www.youtube.com/watch?v=wLBaAbTyBvw,Sohaib,,Approved,,,,Age of Wushu,1
www.youtube.com/watch?v=trnJ9v-W19w,Sohaib,,Approved,,CA,Canada,Scarlet Blade,1
www.youtube.com/watch?v=imAObPjX6oE,Sohaib,,Approved,,CA,Canada,Scarlet Blade,1
www.youtube.com/watch?v=xvWWQqi4ONg,Sohaib,,Approved,,CA,Canada,Age of Wushu,1
www.youtube.com/watch?v=teJ9kdVf68Q,Sohaib,,Approved,,,,Age of Wushu,1
www.youtube.com/watch?v=Yo2E_m5o_lk,Sohaib,,Approved,,CA,Canada,Forsaken World,1
www.youtube.com/watch?v=2hrxok81zeQ,Sohaib,,Approved,,CA,Canada,Scarlet Blade,1
www.youtube.com/watch?v=D4qOaI0ISMs,Sohaib,,Approved,,TH,Thailand,Minecraft,6
www.youtube.com/watch?v=RItv3EeHiTo,Sohaib,,Approved,,TH,Thailand,Minecraft,3
www.youtube.com/watch?v=mm2bFxLWZE8,Sohaib,,Approved,,TH,Thailand,Minecraft,3
www.youtube.com/watch?v=bhqoTCuqeuM,Sohaib,,Approved,,UK,United Kingdom,Path of Exile,3
www.youtube.com/watch?v=3cUDErf3LM4,Sohaib,,Approved,,UK,United Kingdom,League of Legends,1
www.youtube.com/watch?v=lEBHOHMuhL8,Sohaib,,Approved,,UK,United Kingdom,Defiance,3
www.youtube.com/watch?v=eS4tGKiOPFg,Sohaib,,Approved,,UK,United Kingdom,League of Legends,1
www.youtube.com/watch?v=SOIc1MAP3g8,Sohaib,,Approved,,UK,United Kingdom,Ghost Recon,6
www.youtube.com/watch?v=PsNZuF-Y_qg,Sohaib,,Approved,,UK,United Kingdom,Panzar,1
www.youtube.com/watch?v=1hVfEIzMy6o,Sohaib,,Approved,,UK,United Kingdom,League of Legends,1
www.youtube.com/watch?v=J44YziJlvCo,Sohaib,,Approved,,UK,United Kingdom,League of Legends,2
www.youtube.com/watch?v=tG7oEb-umlM,Sohaib,,Approved,,UK,United Kingdom,Ghost Recon,5
www.youtube.com/watch?v=HkfPkEevknI,Sohaib,,Approved,,UK,United Kingdom,Defiance,2
www.youtube.com/watch?v=mFElJapvG48,Sohaib,,Approved,,UK,United Kingdom,Ghost Recon,3
www.youtube.com/watch?v=9AYDEVvEmEE,Sohaib,,Approved,,UK,United Kingdom,RaiderZ,2
www.youtube.com/watch?v=5yAyAvmpj-4,Sohaib,,Approved,,UK,United Kingdom,Path of Exile,1
www.youtube.com/watch?v=mVRtJISzryA,Sohaib,,Approved,,UK,United Kingdom,Ghost Recon,4
www.youtube.com/watch?v=FrnjoYO1Dng,Sohaib,,Approved,,UK,United Kingdom,League of Legends,1
www.youtube.com/watch?v=TwyoLjsWw24,Sohaib,,Approved,,UK,United Kingdom,Panzar,1
www.youtube.com/watch?v=n8lDu3Zyhlc,Sohaib,,Approved,,UK,United Kingdom,Dynasty Warriors,1
www.youtube.com/watch?v=W3565qj1mcE,Sohaib,,Approved,,UK,United Kingdom,Divine Souls,8
www.youtube.com/watch?v=siZ0n2tWLNE,Sohaib,,Approved,,UK,United Kingdom,Divine Souls,9
www.youtube.com/watch?v=rZAy7oD7aMs,Sohaib,,Approved,,UK,United Kingdom,Ghost Recon,4
www.youtube.com/watch?v=moe1dYkuuHI,Sohaib,,Approved,,UK,United Kingdom,Dynasty Warriors,1
www.youtube.com/watch?v=_3OuC_TH9Og,Sohaib,,Approved,,,,Ghost Recon,1
www.youtube.com/watch?v=5_Gw1u3tG7Y,Sohaib,,Approved,,UK,United Kingdom,Archeblade,1
www.youtube.com/watch?v=8fllQmnHTEM,Sohaib,,Approved,,UK,United Kingdom,Ghost Recon,1
www.youtube.com/watch?v=GtDczhCp1uA,Sohaib,,Approved,,GR,Greece,Elsword,13
www.youtube.com/watch?v=zQ0bO_-hiuE,Sohaib,,Approved,,GR,Greece,Amnesia,1
www.youtube.com/watch?v=6rsE3Lmn9yI,Sohaib,,Approved,,GR,Greece,Amnesia,3
www.youtube.com/watch?v=Mz5knI5V-y0,Sohaib,,Approved,,GR,Greece,Amnesia,3
www.youtube.com/watch?v=KPOZ5wO9KIA,Sohaib,,Approved,,GR,Greece,Amnesia,1
www.youtube.com/watch?v=veAxekV5xMg,Sohaib,,Approved,,DE,Germany,World of Tanks,1
www.youtube.com/watch?v=TLYV5BuZtgI,Sohaib,,Approved,,,,World of Tanks,1
www.youtube.com/watch?v=93TIsspTFCI,Sohaib,,Approved,,DE,Germany,World of Tanks,1
www.youtube.com/watch?v=3VkNsQGt7qI,Sohaib,,Approved,,,,World of Tanks,1
www.youtube.com/watch?v=7mWZOEaqfb0,Sohaib,,Approved,,DE,Germany,World of Tanks,1
www.youtube.com/watch?v=FvoHIXP-_NE,Sohaib,,Approved,,,,World of Tanks,1
www.youtube.com/watch?v=x9cDwCMlVrQ,Sohaib,,Approved,,DE,Germany,World of Tanks,1
www.youtube.com/watch?v=9sWKotoQtFw,Sohaib,,Approved,,,,World of Tanks,1
www.youtube.com/watch?v=EHD9wW82OO8,Sohaib,,Approved,,,,World of Tanks,1
www.youtube.com/watch?v=gm4nNm_YzNM,Sohaib,,Approved,,,,World of Tanks,2
www.youtube.com/watch?v=Cuf_Wq1XZOc,Sohaib,,Approved,,,,World of Tanks,1
www.youtube.com/watch?v=FiM8AGeUp3Y,Sohaib,,Approved,,DE,Germany,World of Tanks,1
www.youtube.com/watch?v=izjy64KH51c,Sohaib,,Approved,,DE,Germany,World of Tanks,1
www.youtube.com/watch?v=wNCDBnG_CGM,Tyler,,Approved,,UK,United Kingdom,World of Tanks,3
www.youtube.com/watch?v=jWARL9eZ9gY,Tyler,,Approved,,UK,United Kingdom,World of Tanks,3
www.youtube.com/watch?v=H5oREL_wMuw,Tyler,,Approved,,UK,United Kingdom,World of Tanks,12
www.youtube.com/watch?v=dX2cSvMywW0,Tyler,,Approved,,UK,United Kingdom,World of Tanks,7
www.youtube.com/watch?v=DzC_Ryr3Zvc,Tyler,,Approved,,,,World of Tanks,23
www.youtube.com/watch?v=mCZtPQrKenc,Tyler,,Approved,,,,World of Tanks,25
www.youtube.com/watch?v=hH6QxHhnWfQ,Tyler,,Approved,,,,World of Tanks,52
www.youtube.com/watch?v=-M00ojuXDM4,Sohaib,,Approved,,HU,Hungary,Maple Story,1
www.youtube.com/watch?v=NwdLi6kRAEw,Sohaib,,Approved,,HU,Hungary,The Sims 3,2
www.youtube.com/watch?v=dP-CXJkZ8Vk,Sohaib,,Approved,,HU,Hungary,Minecraft,1
www.youtube.com/watch?v=YkRmn-f1IVU,Sohaib,,Approved,,HU,Hungary,The Sims 3,2
www.youtube.com/watch?v=3nHV7DvOY5c,Sohaib,,Approved,,HU,Hungary,Minecraft,1
www.youtube.com/watch?v=teQmLZAsgSw,Tyler,,Approved,,FI,Finland,League of Legends,8
www.youtube.com/watch?v=603xLITQmbI,Tyler,,Approved,,FI,Finland,League of Legends,3
www.youtube.com/watch?v=Kuhc8RROw10,Tyler,,Approved,,FI,Finland,League of Legends,2
www.youtube.com/watch?v=KQLzeGbr-s0,Tyler,,Approved,,FI,Finland,League of Legends,5
www.youtube.com/watch?v=1zV7QMWtAoM,Tyler,,Approved,,FI,Finland,League of Legends,5
www.youtube.com/watch?v=S2yRmVQQ17o,Tyler,,Approved,,FI,Finland,League of Legends,1
www.youtube.com/watch?v=O4FDh1fWQpU,Tyler,,Approved,,FI,Finland,League of Legends,1
www.youtube.com/watch?v=pW77HucMLPU,Tyler,,Approved,,FI,Finland,League of Legends,3
www.youtube.com/watch?v=my8nKJWTKQY,Tyler,,Approved,,FI,Finland,League of Legends,2
www.youtube.com/watch?v=D84r2Af48a8,Tyler,,Approved,,FI,Finland,League of Legends,4
www.youtube.com/watch?v=rWWiDCHufR4,Tyler,,Approved,,FI,Finland,League of Legends,3
www.youtube.com/watch?v=Rkx5W8-CLmU,Tyler,,Approved,,FI,Finland,League of Legends,1
www.youtube.com/watch?v=Rmx6jQwfxWk,Tyler,,Approved,,FI,Finland,League of Legends,1
www.youtube.com/watch?v=4ohUp2RcpiI,Tyler,,Approved,,FI,Finland,League of Legends,1
www.youtube.com/watch?v=KdYvr-syvw4,Tyler,,Approved,,FI,Finland,League of Legends,3
www.youtube.com/watch?v=mr-l_ifkSak,Tyler,,Approved,,FI,Finland,League of Legends,2
www.youtube.com/watch?v=2MaFUL2MYec,Tyler,,Approved,,FI,Finland,League of Legends,1
www.youtube.com/watch?v=qCwrNbpfDH4,Tyler,,Approved,,FI,Finland,League of Legends,1
www.youtube.com/watch?v=-rn8nutGsdY,Tyler,,Approved,,FI,Finland,League of Legends,1
www.youtube.com/watch?v=wmbMpfnOiiQ,Tyler,,Approved,,FI,Finland,League of Legends,3
www.youtube.com/watch?v=2fD18veqZQo,Tyler,,Approved,,,,League of Legends,2
www.youtube.com/watch?v=YYPlB5BoW1k,Tyler,,Approved,,FI,Finland,League of Legends,2
www.youtube.com/watch?v=xzeKYy9qv8Y,Tyler,,Approved,,FI,Finland,League of Legends,1
www.youtube.com/watch?v=4XbuZdP1UgY,Tyler,,Approved,,FI,Finland,League of Legends,1
www.youtube.com/watch?v=R0rawdrmUg0,Tyler,,Approved,,FI,Finland,League of Legends,1
www.youtube.com/watch?v=dEffdhlpl4k,Tyler,,Approved,,FI,Finland,League of Legends,1
www.youtube.com/watch?v=MSBU_iHPO8U,Tyler,,Approved,,FI,Finland,Hawken,54
www.youtube.com/watch?v=akKSrM9TLCQ,Tyler,,Approved,,BR,Brazil,Dragon's Prophet Europe,734
www.youtube.com/watch?v=a48IXu_svTQ,Tyler,,Approved,,BR,Brazil,Tera,327
www.youtube.com/watch?v=By2ZBRZcIZQ,Tyler,,Approved,,BR,Brazil,Guild Wars 2,98
www.youtube.com/watch?v=BvyCq8K62x8,Tyler,,Approved,,BR,Brazil,Tera,5
www.youtube.com/watch?v=0AfoyS_yQRM,Tyler,,Approved,,BR,Brazil,Neverwinter,9
www.youtube.com/watch?v=tGNzfTvwG4g,Tyler,,Approved,,BR,Brazil,Tera,19
www.youtube.com/watch?v=WSyPkh3eD0A,Tyler,,Approved,,BR,Brazil,Blacklight: Retribution,3
www.youtube.com/watch?v=SJ0NzxC6RB0,Tyler,,Approved,,BR,Brazil,Firefall,66
www.youtube.com/watch?v=pO-aJANmIoU,Tyler,,Approved,,BR,Brazil,Neverwinter,280
www.youtube.com/watch?v=IdIafyBhGjk,Tyler,,Approved,,BR,Brazil,Tera,10
www.youtube.com/watch?v=cmFDDZQZWgI,Tyler,,Approved,,BR,Brazil,Tera,5
www.youtube.com/watch?v=ZhsUYZReqx8,Tyler,,Approved,,BR,Brazil,The Secret World,28
www.youtube.com/watch?v=6YwsDXrfxTo,Tyler,,Approved,,BR,Brazil,PlanetSide 2,39
www.youtube.com/watch?v=4rDcBsJ20_I,Tyler,,Approved,,BR,Brazil,Tera,5
www.youtube.com/watch?v=XErMSmmRclc,Tyler,,Approved,,BR,Brazil,Tera,6
www.youtube.com/watch?v=P-dOLisuY7U,Tyler,,Approved,,BR,Brazil,Tera,25
www.youtube.com/watch?v=zbyF_8k0AsY,Tyler,,Approved,,BR,Brazil,Tera,80
www.youtube.com/watch?v=hrgpv6iRgEo,Tyler,,Approved,,BR,Brazil,Firefall,2
www.youtube.com/watch?v=DU4fOuCqULs,Tyler,,Approved,,BR,Brazil,The Secret World,25
www.youtube.com/watch?v=fKm4sUkSVtM,Tyler,,Approved,,BR,Brazil,Tera,8
www.youtube.com/watch?v=5rT4af-GUjk,Tyler,,Approved,,BR,Brazil,Tera,13
www.youtube.com/watch?v=34zvbQL7glw,Tyler,,Approved,,BR,Brazil,Age of Wushu,152
www.youtube.com/watch?v=GfnjkwU9Hmc,Tyler,,Approved,,BR,Brazil,Tera,14
www.youtube.com/watch?v=1upWOObR1X4,Tyler,,Approved,,BR,Brazil,Path of Exile,9
www.youtube.com/watch?v=6Ja3DoV1z6M,Tyler,,Approved,,BR,Brazil,Tera,3
www.youtube.com/watch?v=6HA1DUyct8Q,Tyler,,Approved,,BR,Brazil,Rift,204
www.youtube.com/watch?v=z9P4DU25KDU,Tyler,,Approved,,BR,Brazil,DC Universe Online (DCUO),20
www.youtube.com/watch?v=04D3pTHwFbo,Tyler,,Approved,,BR,Brazil,Star Wars: The Old Republic (SWTOR),32
www.youtube.com/watch?v=DKW50I1T874,Tyler,,Approved,,BR,Brazil,Tera,6
www.youtube.com/watch?v=O1PX1pkcgLA,Tyler,,Approved,,BR,Brazil,Elder Scrolls Online (ESO),47
www.youtube.com/watch?v=ZQk_Z2e9iu8,Tyler,,Approved,,BR,Brazil,Apb: Reloaded,19
www.youtube.com/watch?v=ZBcz_NHPIwQ,Tyler,,Approved,,BR,Brazil,Tera,3
www.youtube.com/watch?v=MAM-KFoczRk,Tyler,,Approved,,BR,Brazil,Path of Exile,3
www.youtube.com/watch?v=Srbr-8hmDKk,Tyler,,Approved,,BR,Brazil,Age of Wushu,126
www.youtube.com/watch?v=_1bpkz4jKyI,Tyler,,Approved,,BR,Brazil,Divine Souls,243
www.youtube.com/watch?v=-LFgGHBVqqg,Tyler,,Approved,,BR,Brazil,Tera,2
www.youtube.com/watch?v=d74oiztA840,Tyler,,Approved,,BR,Brazil,Tera,2
www.youtube.com/watch?v=Ngm-MjVgk8o,Tyler,,Approved,,BR,Brazil,Defiance,45
www.youtube.com/watch?v=McjNq2EfNAI,Tyler,,Approved,,BR,Brazil,Tera,6
www.youtube.com/watch?v=f2zXafROWDY,Tyler,,Approved,,BR,Brazil,Guild Wars 2,1
www.youtube.com/watch?v=QDi5nTeCrYY,Tyler,,Approved,,BR,Brazil,Tera,2
www.youtube.com/watch?v=F6r8mj-6mII,Tyler,,Approved,,BR,Brazil,War Thunder,14
www.youtube.com/watch?v=R7n5EjPFVVQ,Tyler,,Approved,,BR,Brazil,Star Wars: The Old Republic (SWTOR),1
www.youtube.com/watch?v=TvYDpUYisQQ,Tyler,,Approved,,BR,Brazil,The Secret World,2
www.youtube.com/watch?v=t-Zw064hRYw,Tyler,,Approved,,BR,Brazil,The Secret World,3
www.youtube.com/watch?v=FY-R0ahpoqo,Tyler,,Approved,,BR,Brazil,Divine Souls,271
www.youtube.com/watch?v=JFX5T4KaVfI,Tyler,,Approved,,BR,Brazil,Neverwinter,34
www.youtube.com/watch?v=ZvbDhOKz5dU,Tyler,,Approved,,BR,Brazil,Rift,100
www.youtube.com/watch?v=gjlYk4wIJNw,Tyler,,Approved,,BR,Brazil,Tera,2
www.youtube.com/watch?v=WXQd9yx-m_Y,Tyler,,Approved,,BR,Brazil,Tera,2
www.youtube.com/watch?v=7__-q03W4-c,Tyler,,Approved,,BR,Brazil,Path of Exile,1
www.youtube.com/watch?v=qR-EI1TVYXQ,Tyler,,Approved,,BR,Brazil,Age of Wushu,2
www.youtube.com/watch?v=uJGhi_tpMJ0,Tyler,,Approved,,BR,Brazil,Guild Wars 2,11
www.youtube.com/watch?v=5i55p9OhGMM,Tyler,,Approved,,BR,Brazil,Blacklight: Retribution,1
www.youtube.com/watch?v=5qZ7ylL7gJY,Tyler,,Approved,,BR,Brazil,Hawken,5
www.youtube.com/watch?v=9_oun7hnaXI,Tyler,,Approved,,BR,Brazil,PlanetSide 2,5
www.youtube.com/watch?v=zxmf18ix8Vo,Tyler,,Approved,,BR,Brazil,Tera,4
www.youtube.com/watch?v=GCYgH8clpAA,Tyler,,Approved,,BR,Brazil,Guild Wars 2,2
www.youtube.com/watch?v=SSMKvGYuEz8,Tyler,,Approved,,BR,Brazil,Tera,1
www.youtube.com/watch?v=6-Vo6NRAkWk,Tyler,,Approved,,BR,Brazil,Rift,95
www.youtube.com/watch?v=MHn066J1_-Q,Tyler,,Approved,,BR,Brazil,Neverwinter,4
www.youtube.com/watch?v=GGRv44KoC-Y,Tyler,,Approved,,BR,Brazil,Firefall,1
www.youtube.com/watch?v=8aWA18zq4mg,Tyler,,Approved,,BR,Brazil,Tera,2
www.youtube.com/watch?v=4B44QeX2ZXU,Tyler,,Approved,,BR,Brazil,Guild Wars 2,1
www.youtube.com/watch?v=zARPawoTFCY,Tyler,,Approved,,BR,Brazil,PlanetSide 2,1
www.youtube.com/watch?v=teOM9q2dhbQ,Tyler,,Approved,,BR,Brazil,Guild Wars 2,2
www.youtube.com/watch?v=2RlPyFb3JA4,Tyler,,Approved,,BR,Brazil,Tera,1
www.youtube.com/watch?v=_ipLGpO8KGA,Tyler,,Approved,,BR,Brazil,Neverwinter,23
www.youtube.com/watch?v=ZSNTaAqvtRI,Tyler,,Approved,,BR,Brazil,Tera,1
www.youtube.com/watch?v=qqCq8F2vd7o,Tyler,,Approved,,BR,Brazil,Tera,2
www.youtube.com/watch?v=XO5OETxnBzY,Tyler,,Approved,,BR,Brazil,Tera,1
www.youtube.com/watch?v=vr0A2VG5IAI,Tyler,,Approved,,BR,Brazil,Path of Exile,2
www.youtube.com/watch?v=5l4CLxVALmE,Tyler,,Approved,,BR,Brazil,Ghost Recon,1
www.youtube.com/watch?v=lYFk3tm9lHk,Tyler,,Approved,,CA,Canada,League of Legends,9
www.youtube.com/watch?v=zSI6fCYQs2Q,Tyler,,Approved,,CA,Canada,League of Legends,1
www.youtube.com/watch?v=S_hhQsOrA54,Tyler,,Approved,,CA,Canada,League of Legends,1
www.youtube.com/watch?v=ObmjVaoz2GY,Tyler,,Approved,,CA,Canada,League of Legends,1
www.youtube.com/watch?v=jXku0Hi-8-Q,Tyler,,Approved,,CA,Canada,League of Legends,1
www.youtube.com/watch?v=wvCtBJ_op-Y,Tyler,,Approved,,CA,Canada,League of Legends,1
www.youtube.com/watch?v=gB4-3MY2-Bs,Tyler,,Approved,,CA,Canada,League of Legends,1
www.youtube.com/watch?v=nTv2Mxli0pY,Tyler,,Approved,,CA,Canada,League of Legends,1
www.youtube.com/watch?v=dAkrdJFb_vc,Tyler,,Approved,,CA,Canada,League of Legends,3
www.youtube.com/watch?v=HNkYPozbonU,Tyler,,Approved,,CA,Canada,League of Legends,2
www.youtube.com/watch?v=SVcI4nTBRHw,Tyler,,Approved,,CA,Canada,League of Legends,1
www.youtube.com/watch?v=-WZakHhuYys,Tyler,,Approved,,CA,Canada,League of Legends,1
www.youtube.com/watch?v=O0dPlttbb88,Tyler,,Approved,,CA,Canada,League of Legends,2
www.youtube.com/watch?v=vJAVgNG5N-U,Tyler,,Approved,,CA,Canada,League of Legends,1
www.youtube.com/watch?v=0dMTGS7DJYY,Tyler,,Approved,,CA,Canada,League of Legends,1
www.youtube.com/watch?v=Vj4JwvSKBx0,Tyler,,Approved,,CA,Canada,League of Legends,1
www.youtube.com/watch?v=VoeutTJKTv4,Tyler,,Approved,,CA,Canada,League of Legends,1
www.youtube.com/watch?v=6FT7TWPW1Jw,Tyler,,Approved,,CA,Canada,League of Legends,1
www.youtube.com/watch?v=SFnEzqI8-V8,Tyler,,Approved,,CA,Canada,League of Legends,1
www.youtube.com/watch?v=OvHj30CxdF8,Tyler,,Approved,,CA,Canada,League of Legends,1
www.youtube.com/watch?v=PYHpFgPiX-0,Tyler,,Approved,,CA,Canada,League of Legends,2
www.youtube.com/watch?v=9PMVP4W7Im4,Tyler,,Approved,,CA,Canada,League of Legends,1
www.youtube.com/watch?v=lj4lOdX8gpM,Tyler,,Approved,,CA,Canada,League of Legends,1
www.youtube.com/watch?v=MHoWHm9NMgA,Tyler,,Approved,,CA,Canada,League of Legends,3
www.youtube.com/watch?v=GK5nvEa9DWk,Tyler,,Approved,,CA,Canada,League of Legends,1
www.youtube.com/watch?v=-XH-hHgmYu0,Tyler,,Approved,,CA,Canada,League of Legends,2
www.youtube.com/watch?v=9Czd-iJBKIo,Tyler,,Approved,,CA,Canada,League of Legends,1
www.youtube.com/watch?v=l7qq-fetMpM,Tyler,,Approved,,CA,Canada,League of Legends,1
www.youtube.com/watch?v=C6-Mgqc5xFo,Tyler,,Approved,,CA,Canada,League of Legends,1
www.youtube.com/watch?v=_FNgt5Csz3Y,Tyler,,Approved,,CA,Canada,League of Legends,1
www.youtube.com/watch?v=d4L7Sq2kIs0,Tyler,,Approved,,CA,Canada,League of Legends,1
www.youtube.com/watch?v=VzfjzOsS74E,Tyler,,Approved,,CA,Canada,League of Legends,1
www.youtube.com/watch?v=dhNkHBIiNuY,Tyler,,Approved,,CA,Canada,League of Legends,2
www.youtube.com/watch?v=L-PHadq1LFQ,Tyler,,Approved,,CA,Canada,League of Legends,3
www.youtube.com/watch?v=YUdTfqB6VvE,Tyler,,Approved,,CA,Canada,League of Legends,1
www.youtube.com/watch?v=_jSB7sG55Ws,Tyler,,Approved,,CA,Canada,League of Legends,1
www.youtube.com/watch?v=uEzqYDKNDtI,Tyler,,Approved,,CA,Canada,League of Legends,1
www.youtube.com/watch?v=sdEX8uOgrrg,Tyler,,Approved,,CA,Canada,League of Legends,1
www.youtube.com/watch?v=EgyxnmtwisM,Tyler,,Approved,,CA,Canada,League of Legends,2
www.youtube.com/watch?v=Kcd_9t9n9sI,Tyler,,Approved,,CA,Canada,League of Legends,1
www.youtube.com/watch?v=bQZ1mnerZJM,Tyler,,Approved,,CA,Canada,League of Legends,1
www.youtube.com/watch?v=pPyLvDr_qfs,Tyler,,Approved,,CA,Canada,League of Legends,1
www.youtube.com/watch?v=SiAcoQgbQ4E,Tyler,,Approved,,CA,Canada,League of Legends,2
www.youtube.com/watch?v=-3Hkc5tlZaM,Tyler,,Approved,,CA,Canada,League of Legends,1
www.youtube.com/watch?v=NlArdsNtvAs,Tyler,,Approved,,US,United States,Maple Story,4
www.youtube.com/watch?v=F3tRTu1jWao,Tyler,,Approved,,US,United States,Maple Story,7
www.youtube.com/watch?v=AThORxcUVtw,Tyler,,Approved,,US,United States,Maple Story,4
www.youtube.com/watch?v=C6T6iXCyw80,Tyler,,Approved,,US,United States,Maple Story,4
www.youtube.com/watch?v=vb_pcqEvujI,Tyler,,Approved,,US,United States,Maple Story,11
www.youtube.com/watch?v=eKCgkwSAq2w,Tyler,,Approved,,US,United States,Maple Story,1
www.youtube.com/watch?v=5SDS0uXawrI,Tyler,,Approved,,US,United States,Maple Story,8
www.youtube.com/watch?v=WjMoQ24ukKw,Tyler,,Approved,,US,United States,Maple Story,13
www.youtube.com/watch?v=DwOVLLF6RGI,Tyler,,Approved,,US,United States,Maple Story,14
www.youtube.com/watch?v=WpaEpVB3gRY,Tyler,,Approved,,US,United States,Maple Story,2
www.youtube.com/watch?v=YrAHEvrXuAo,Tyler,,Approved,,US,United States,Maple Story,1
www.youtube.com/watch?v=o1qw3qbaqkA,Tyler,,Approved,,US,United States,Maple Story,2
www.youtube.com/watch?v=fHrXPgxifFE,Tyler,,Approved,,US,United States,Maple Story,5
www.youtube.com/watch?v=VWCL2YmZL8E,Tyler,,Approved,,US,United States,Maple Story,3
www.youtube.com/watch?v=CJHViXvqcOo,Tyler,,Approved,,US,United States,Maple Story,2
www.youtube.com/watch?v=8qq4J-K4XP8,Tyler,,Approved,,US,United States,Maple Story,5
www.youtube.com/watch?v=KYUvo9kq4_8,Tyler,,Approved,,US,United States,Maple Story,3
www.youtube.com/watch?v=2QeaN_QW5V8,Tyler,,Approved,,US,United States,The Hobbit,6
www.youtube.com/watch?v=IM32460N5HE,Tyler,,Approved,,US,United States,Maple Story,4
www.youtube.com/watch?v=InaoP151kCc,Tyler,,Approved,,US,United States,Maple Story,4
www.youtube.com/watch?v=9fbBx46eV2k,Tyler,,Approved,,US,United States,The Hobbit,1
www.youtube.com/watch?v=4VhxhJz83io,Tyler,,Approved,,US,United States,World of Tanks,1
www.youtube.com/watch?v=b7PHX47lURA,Tyler,,Approved,,US,United States,Maple Story,2
www.youtube.com/watch?v=qumg3lh7qgA,Tyler,,Approved,,US,United States,The Hobbit,1
www.youtube.com/watch?v=c6wbfQRcUEI,Tyler,,Approved,,US,United States,Maple Story,2
www.youtube.com/watch?v=z0SISsJI0rw,Tyler,,Approved,,US,United States,Maple Story,1
www.youtube.com/watch?v=ducdG8QMv_U,Tyler,,Approved,,US,United States,Maple Story,1
www.youtube.com/watch?v=l8f_D4fRjm4,Tyler,,Approved,,US,United States,The Hobbit,18
www.youtube.com/watch?v=azKt-oZCxV8,Tyler,,Approved,,US,United States,Maple Story,3
www.youtube.com/watch?v=bcs4PzgtT84,Tyler,,Approved,,US,United States,World of Tanks,1
www.youtube.com/watch?v=I69D2HGa1Vo,Tyler,,Approved,,US,United States,Maple Story,19
www.youtube.com/watch?v=dG3EIT0AgQo,Tyler,,Approved,,US,United States,The Hobbit,1
www.youtube.com/watch?v=vF64_HCY9xk,Tyler,,Approved,,US,United States,The Hobbit,2
www.youtube.com/watch?v=A6PHAKmwvFs,Tyler,,Approved,,US,United States,Lord of the Rings Online (LOTRO),2
www.youtube.com/watch?v=4vLzGVSy_Fs,Tyler,,Approved,,US,United States,Maple Story,1
www.youtube.com/watch?v=xrKJ_I6qMQs,Tyler,,Approved,,US,United States,Maple Story,2
www.youtube.com/watch?v=IiZBVPw_kYs,Tyler,,Approved,,US,United States,Lord of the Rings Online (LOTRO),1
www.youtube.com/watch?v=NjOJ1brtfpY,Tyler,,Approved,,US,United States,The Hobbit,1
www.youtube.com/watch?v=8HD3IGelp70,Tyler,,Approved,,US,United States,Maple Story,1
www.youtube.com/watch?v=LiT6lE1Je8E,Tyler,,Approved,,US,United States,The Hobbit,1
www.youtube.com/watch?v=z-SVvSav5QM,Tyler,,Approved,,US,United States,Maple Story,1
www.youtube.com/watch?v=QBZOU4XPp8o,Tyler,,Approved,,US,United States,The Hobbit,1
www.youtube.com/watch?v=y-cQWeSi0g4,Tyler,,Approved,,US,United States,Maple Story,1
www.youtube.com/watch?v=3lSb5MMlWRA,Tyler,,Approved,,US,United States,Maple Story,1
www.youtube.com/watch?v=vyr7t16jscM,Tyler,,Approved,,US,United States,World of Tanks,1
www.youtube.com/watch?v=xVitWrFwHYY,Tyler,,Approved,,US,United States,Lord of the Rings Online (LOTRO),2
www.youtube.com/watch?v=kjSIWqoeP3A,Tyler,,Approved,,US,United States,Lord of the Rings Online (LOTRO),1
www.youtube.com/watch?v=rXMEMRMltFM,Tyler,,Approved,,US,United States,Lord of the Rings Online (LOTRO),1
www.youtube.com/watch?v=Stfo6nRNvos,Tyler,,Approved,,US,United States,Maple Story,3
www.youtube.com/watch?v=BmSPyxJ9OWo,Tyler,,Approved,,US,United States,Lord of the Rings Online (LOTRO),1
www.youtube.com/watch?v=XfUS5GTJ1kc,Tyler,,Approved,,US,United States,Lord of the Rings Online (LOTRO),1
www.youtube.com/watch?v=IJX1z0_SoQc,Tyler,,Approved,,US,United States,Lord of the Rings Online (LOTRO),1
www.youtube.com/watch?v=pEqQnT-aGCQ,Tyler,,Approved,,US,United States,Lord of the Rings Online (LOTRO),2
www.youtube.com/watch?v=NxIReLurIQU,Tyler,,Approved,,US,United States,Lord of the Rings Online (LOTRO),1
www.youtube.com/watch?v=L4thkhTyKCA,Tyler,,Approved,,US,United States,Lord of the Rings Online (LOTRO),1
www.youtube.com/watch?v=DHhaxc4eNYE,Tyler,,Approved,,US,United States,Lord of the Rings Online (LOTRO),2
www.youtube.com/watch?v=7WsCNhCzhjU,Tyler,,Approved,,US,United States,Lord of the Rings Online (LOTRO),1
www.youtube.com/watch?v=MR5Kiz0imtg,Tyler,,Approved,,US,United States,Lord of the Rings Online (LOTRO),1
www.youtube.com/watch?v=IdkNYWUxz_I,Tyler,,Approved,,US,United States,Lord of the Rings Online (LOTRO),2
www.youtube.com/watch?v=OK8K4feaewg,Tyler,,Approved,,US,United States,Lord of the Rings Online (LOTRO),1
www.youtube.com/watch?v=M4gmFkIim0Q,Tyler,,Approved,,US,United States,Lord of the Rings Online (LOTRO),1
www.youtube.com/watch?v=9FQ0FhbSjz0,Tyler,,Approved,,US,United States,Lord of the Rings Online (LOTRO),2
www.youtube.com/watch?v=NoF2LUFP4TA,Tyler,,Approved,,US,United States,War Thunder,1
www.youtube.com/watch?v=qM7uMVx9-Hk,Sohaib,,Approved,,,,World of Tanks,1
www.youtube.com/watch?v=VyuHLSC97Mg,Sohaib,,Approved,,,,World of Tanks,3
www.youtube.com/watch?v=sLc34IreGME,Sohaib,,Approved,,,,World of Tanks,29
www.youtube.com/watch?v=uzAOYFqhEq0,Sohaib,,Approved,,RU,Russian Federation,Panzar,1
www.youtube.com/watch?v=q-99gitVMIA,Sohaib,,Approved,,RU,Russian Federation,Panzar,1
www.youtube.com/watch?v=PVnouMKYdOY,Sohaib,,Approved,,RU,Russian Federation,Panzar,5
www.youtube.com/watch?v=6yKAUM-Thsg,Sohaib,,Approved,,RU,Russian Federation,Panzar,2
www.youtube.com/watch?v=G6oq-ut46Sw,Sohaib,,Approved,,RU,Russian Federation,Panzar,1
www.youtube.com/watch?v=v0AtSKRGKvs,Sohaib,,Approved,,,,Panzar,1
www.youtube.com/watch?v=VZyv86ffsiM,Sohaib,,Approved,,,,Panzar,1
www.youtube.com/watch?v=E6aNzKbkQ2s,Sohaib,,Approved,,RU,Russian Federation,Panzar,1
www.youtube.com/watch?v=yuq1Duq6_N4,Sohaib,,Approved,,RU,Russian Federation,Panzar,1
www.youtube.com/watch?v=csYYEdc90mM,Tyler,,Approved,,CA,Canada,Warframe,1
www.youtube.com/watch?v=UE9Z7UlABAQ,Tyler,,Approved,,CA,Canada,Warframe,3
www.youtube.com/watch?v=Do4uHYIVTTo,Callum,,Approved,,PL,Poland,Aion,9
www.youtube.com/watch?v=4RJbykYcOdQ,Callum,,Approved,,PL,Poland,Aion,10
www.youtube.com/watch?v=7pJM24jpTGE,Callum,,Approved,,PL,Poland,Aion,3
www.youtube.com/watch?v=Lbm_MFpfgt0,Callum,,Approved,,PL,Poland,Aion,7
www.youtube.com/watch?v=sBdb8FIjQE8,Callum,,Approved,,PL,Poland,Aion,12
www.youtube.com/watch?v=nNmdufLVi_M,Callum,,Approved,,PL,Poland,Aion,18
www.youtube.com/watch?v=9sU-OQxAyPw,Callum,,Approved,,PL,Poland,Aion,6
www.youtube.com/watch?v=f9No1MHSo1o,Callum,,Approved,,PL,Poland,Aion,7
www.youtube.com/watch?v=jeeMep7bV8Q,Callum,,Approved,,PL,Poland,Aion,26
www.youtube.com/watch?v=IatResPGFKg,Callum,,Approved,,PL,Poland,Aion,3
www.youtube.com/watch?v=qXNBpMi_NtA,Callum,,Approved,,PL,Poland,Aion,7
www.youtube.com/watch?v=t0JTW3YWQgE,Callum,,Approved,,PL,Poland,Aion,3
www.youtube.com/watch?v=8vELyw-uhZE,Callum,,Approved,,PL,Poland,Tera,27
www.youtube.com/watch?v=B3bMupRyPkY,Callum,,Approved,,PL,Poland,Tera,10
www.youtube.com/watch?v=bATfdQPFVQ0,Callum,,Approved,,PL,Poland,Aion,52
www.youtube.com/watch?v=TGXYxw-ZB8Q,Callum,,Approved,,PL,Poland,Aion,168
www.youtube.com/watch?v=EMG2Vqiky0c,Callum,,Approved,,PL,Poland,Aion,12
www.youtube.com/watch?v=XVCcRhC45hM,Callum,,Approved,,PL,Poland,Aion,1
www.youtube.com/watch?v=X_-lOuW67AU,Callum,,Approved,,PL,Poland,Aion,4
